{"ECS":{"ExcludeExternalConfigIdsInLog":true,"ConfigLogTarget":"edge_stable"},"EdgeFirstRun":{"UACompatibilityFixDisabledForVMs":{"enableFeatures":["msUACompatibilityFixDisabledForVMs"]},"FRE_ExperimentationUsageGroupCollection":{"enableFeatures":["msCollectExperimentationGuardrailMetrics"],"parameters":[{"name":"version","value":"1"}]}},"EdgeFirstRunConfig":{"OverrideWhitelistedExperimentsForDefaultTrigger":{"parameters":[{"name":"whitelisted_experiments","value":"WhatsNewPageTrial"}]},"EmptyEdgeFirstRunConfig":{"enableFeatures":["eefrc"]}},"Segmentation":{"scpfull":0,"scpguard":1,"scpver":1,"M365CoreAll":"false","ContentServicesAll":"false","WebXTAll":"false","BingAll":"false","EdgeAll":"false","MicrosoftUser":"false"},"Headers":{"ETag":"\"gSPVYVu+teK4RnrH+/JJgbWDHjTIsYLmQbQrehv9mRA=\"","Expires":"Sun, 22 Oct 2023 20:51:30 GMT","CountryCode":"RU","StatusCode":"200"},"ConfigIDs":{"ECS":"P-R-1082570-1-11,P-D-42388-2-6","EdgeFirstRun":"P-R-1103650-18-8,P-R-58579-7-27","EdgeFirstRunConfig":"P-R-1109902-1-11,P-R-1075865-1-7","Segmentation":"P-R-1113915-5-8,P-R-1098334-1-6,P-R-66078-1-3,P-R-66077-1-5,P-R-60882-1-2,P-R-43082-1-3,P-R-42744-1-2"}}