{"ECS":{"ExcludeExternalConfigIdsInLog":true,"ConfigLogTarget":"edge_stable"},"Edge":{"GlobalCIExperiment":{"enableFeatures":["msNurturingSitePinningCITopSites","msPersonalizedTopSites"]},"TranslateScriptNumeralsExperiment":{"enableFeatures":["msTranslateScriptExperiment"],"parameters":[{"name":"script_type","value":"4"}]},"CigRollback":{"enableFeatures":["msSandboxRenderCiFallback"]},"RejuvRounding":{"enableFeatures":["msVisualRejuvRounding"]},"DisableVoteUploadViaRestApi":{"enableFeatures":["mskAutofillEdgeDisableVoteUploadViaRestAPI"]},"ArbitrationServiceComputeLocalNSAT":{"enableFeatures":["msArbitrationServiceComputeLocalNSAT","msArbitrationServiceNSATSuppression","msArbitrationServiceNSATThresholdOverride","msArbitrationServiceUseLocalNSAT"],"parameters":[{"name":"NSATThresholdOverride","value":"0.50"},{"name":"LocalNSATResetTime","value":"1691688387"}]},"StoragePartitioning":{"enableFeatures":["ThirdPartyStoragePartitioning"]},"GlobalSitePinning":{"enableFeatures":["msNurturingGlobalSitePinningOnCloseModal"]},"LongFormTextPredictionParameters":{"parameters":[{"name":"msEnglishTextPredictionUrl","value":"https://turing-writingassistance.edge.microsoft.com/textprediction-v2/en-v2"}],"enableFeatures":["msUseMicrosoftTuringForTextPrediction"]},"SCFRESeperateConsentScreen":{"enableFeatures":["msEdgeRetriggerFREShowConsentScreenForSignedOutUser"]},"CodeOneTimeAutoLaunchNode":{"enableFeatures":["msNurturingRetriggerFRECodexCoPilotAutoAprd"],"parameters":[{"name":"copilot-new-page-variant","value":"bing_marketing_page_post_custom_scfre_other_chromepb"}]},"MyWalletOrderTrackingNotification":{"enableFeatures":["msWalletShoppingOrderTracking","msWalletShoppingPackageTrackingChangeNotification"]},"AddTCForPCMAndUCPD":{"enableFeatures":["msTrafficCodeForPCM","msTrafficCodeForUCPD"]},"DigitalGoodsWin":{"enableFeatures":["msWebAppDigitalGoods","AppStoreBilling","DigitalGoodsApi"]},"WalletECRebatesIncentive":{"disableFeatures":["msWalletCheckoutRewardsIncentive"]},"AutofillEdgeEnableDownstreamDOB":{"enableFeatures":["msAutofillEdgeEnableDownstreamDOB"]},"WebSelectUnship":{"disableFeatures":["msEdgeAreaSelect"]},"SmartScreenEnableTelemetry":{"enableFeatures":["msSmartScreenEnableTelemetry"]},"EdgeSyncAsyncDownloadEncryptionKey":{"enableFeatures":["msEdgeAsyncDownloadEncryptionKey"]},"PasswordBreachDetectionV2":{"enableFeatures":["msPasswordBreachDetectionV2"]},"EdgeCloudMessagingChannel":{"enableFeatures":["msCloudMessagingChannel"]},"WalletPswLinkUpdate":{"enableFeatures":["msMigrateEdgeSettingsToWallethub115"]},"EdgeSecureStorage":{"enableFeatures":["msEdgeAesPrefs"]},"MyWalletOrderTracking":{"enableFeatures":["msWalletShoppingOrderTracking"]},"cohortBackgroundThreadCFR":{"enableFeatures":["msEdgeCohortsRunEventSuccessInBackgroundThread"]},"EdgeNotShowSessionRestoreTabWhenNTP":{"enableFeatures":["msEdgeNotShowSessionRestoreTabWhenNTP"]},"SyncReduceSessionsSingleDeviceCommits":{"enableFeatures":["msEdgeSyncSingleDeviceCommitNudgeDelaySessions"]},"PhoenixMarginAndRounded":{"enableFeatures":["msAppLayerForCentralContainer","msFavBarContainerization","msContainerizeVerticalTabContainer","msPhoenixShowContainersInEdge","msPhoenixScrollInMargins"],"parameters":[{"name":"msRoundedCornerRadius","value":"8"},{"name":"msMarginForPhoenix","value":"4"}]},"SleepingTabsIndexedDBVersionChangeHeuristic":{"enableFeatures":["msSleepingTabsRelaxedIndexedDBHeuristics","msIndexedDBChangeEvent"]},"SavingsInAddressbar":{"enableFeatures":["msQueryShoppingMetadata","msShowResultsShoppingMetadata"]},"ShowGetHelpOnErrorPage":{"enableFeatures":["msShowGetHelpOnErrorPage"]},"MaximalInNurF":{"enableFeatures":["msNurturingMaximalIllustrations"]},"ExtensionTelemetryFramework":{"enableFeatures":["msExtensionTelemetryFramework"]},"ShorelineSkypeSATelEvent":{"enableFeatures":["msEdgeHubAppSkype","msEdgeSkypeHandleTelProtocol","msEdgeSkypeHandleProtocolUsingJsEvent"]},"DualEngineSitelistAsyncStorage":{"enableFeatures":["msDualEngineSitelistAsyncStorage"]},"EdgeShoppingNewNotificationSettingsUI":{"enableFeatures":["msShoppingExp6"]},"ExternalStoreZeroSearchResults":{"enableFeatures":["msEnableZeroSearchResults"]},"EdgeWebAppManifestSidePanel":{"enableFeatures":["msWebAppManifestSidePanel"]},"EdgePasswordOverwritingImprovement":{"enableFeatures":["msEdgePasswordOverwritingImprovement"]},"PasswordZeroStateV2":{"enableFeatures":["msNurturingCIPasswordZeroStateV2"],"parameters":[{"name":"ImpressionCap","value":"5"}]},"PrismFollowableWebWPO":{"enableFeatures":["msEdgeFollowableWebWPO"]},"TyposquattingCheckerNewStructure":{"enableFeatures":["msTyposquattingCheckerNewStructure"]},"PrismFollowableWebOneClickSignin":{"enableFeatures":["msEdgeFollowableWebOneClickSignin"]},"MigrateAllPCMobile":{"enableFeatures":["msEdgeCollectionsPrismMigrationSegement"],"parameters":[{"name":"device","value":"2"},{"name":"count","value":"2"}]},"EdgeShoppingAOC":{"enableFeatures":["msEdgeShoppingAutoOpenControllerScript","msEdgeShoppingAutoOpenControllerOnCheckout"]},"EdgeShoppingAOCControls":{"enableFeatures":["msShoppingExp7"],"parameters":[{"name":"variant","value":"ControlUserPref"},{"name":"msEdgeShoppingAutoShowScenariosFirstMask","value":"190624"},{"name":"msEdgeShoppingAutoShowScenariosSecondMask","value":"84541440"}]},"EdgeShoppingAOCMask":{"enableFeatures":["msEdgeShoppingServerSideAutoShow"],"parameters":[{"name":"msEdgeShoppingAutoShowScenariosFirstMask","value":"190624"},{"name":"msEdgeShoppingAutoShowScenariosSecondMask","value":"84541440"}]},"GamesMenuIcon":{"enableFeatures":["msEdgeHubAppGamesNewIcon"]},"AccountLevelSyncReclaim":{"enableFeatures":["msAccountLevelSyncConsent","msNurturingAccountLevelSyncConsentSyncOff","msNurturingAccountLevelSyncConsentSyncOn"]},"GamesMenuAwarenessPrompt":{"enableFeatures":["msEdgeHubAppGamesAwarenessPrompts"]},"Edge3PSerpAutoSuggest":{"enableFeatures":["msEdgeSerpAutoSuggest"]},"EnhancedTextContrast":{"enableFeatures":["msEnhancedTextContrast"]},"Edge3PErrorLog":{"enableFeatures":["msEdge3PSerpSectionCountTelemetry","msEdge3PErrorTelemetry"]},"RendererAppContainerPayload":{"enableFeatures":["RendererAppContainer","RendererAppContainerFallbackWin"]},"Edge3PCoreAndErrorLogAndInteraction":{"enableFeatures":["msEdge3PGSERPInteractionTelemetry"]},"shorelineMemMedDisplayMed":{"disableFeatures":["msHubAppsAlternativeButtons","msEdgeTravelRecommendation"],"enableFeatures":["msHubApps","msHubAppsDefaultShowTower","msHub","msHubAppsShowManifestApps","msHubAppCustomizableSidebar","msEdgeHubAppCasualGames","msEdgeCasualGamesUI","msEdgeHubAppOutlook","msEdgeHubAppFreeOffice","msEdgeFreeOfficeShowRecentDocuments","msEdgeFreeOfficeUI","msEdgeHubAppTools","msUndersideButton","msEdgeHubAppDiscover","msUndersideCompSearch","msUndersideShorelineWidth","msEdgeHubAppUnderside","msUndersideTempHeader","msShorelineSearchV0","msRedirectToShoreline","msEdgeHubAppSearch","msHubAppsDefaultHideTowerOnMediumMemoryDevices","msHubAppsADSManifest","msEdgeUndersideV2","msEdgeSidePane","msShorelineSearchNewTabButton","msShorelineSearchServerZeroInput","msShorelineSearch"]},"WebAppNoCCTForURLHandling":{"enableFeatures":["msWebAppNoCCTForURLHandling"]},"TriggeringSignalGenerator":{"enableFeatures":["msTriggeringSignalGenerator"]},"BingNewTabBackButton":{"enableFeatures":["msEnableBingNewTabBackButtonFocusAndClose"]},"Edge3P":{"enableFeatures":["msEnable3P","msNurturingThirdPartySearchConsent","msEdge3PTelemetry","msNurturingThirdPartySearchNotificationDelay"],"parameters":[{"name":"campaign_delay","value":"300"}]},"DefaultBrowserBannerExternalStableRollout":{"enableFeatures":["msNurturingDefaultBrowserBannerCloseBtn","msNurturingUrlParser","msEdgeNurFIrisSupport"],"parameters":[{"name":"DismissalCap","value":"24"}]},"RolloutPreconnectToSearch":{"disableFeatures":["NavigationPredictorPreconnectHoldback"]},"EdgeOnRampShowVersionWhatsNew":{"enableFeatures":["msEdgeOnRampShowWhatsNew"],"parameters":[{"name":"Browser Version","value":"118.0.2088.61"}]}},"EdgeConfig":{"Edge.DisableNetworkConnectivity":{"disableFeatures":["EnableGetNetworkConnectivityHintAPI"]},"KillswitchReauthDialog":{"disableFeatures":["msNurturingShowReauthSignInCTADialog"]},"DisableWebGPUSupportMetrics":{"disableFeatures":["CollectWebGPUSupportMetrics"]},"StopWalletHomePageRewardsSection":{"disableFeatures":["msWalletHubHomePageExp0"]},"EdgeDlpConfig":{"enableFeatures":["msEgressPaste","msDlpScanTimeout","msManagedSiteIndicatorDLPPolicyView"]},"MyWinCoPilotIcon":{"enableFeatures":["msUndersideWinCopilotNxtBrand"]},"LoadStatisticsLoggingPri":{"disableFeatures":["msLoadStatisticsLowPriLogging"]},"JavaScriptIteratorHelpersPayload":{"disableFeatures":["kJavaScriptIteratorHelpers"]},"HistoryThumbnailKillSwitch":{"disableFeatures":["msEdgeHistoryThumbnail"]},"EnableRuntimeTrialsConfig":{"enableFeatures":["msEnableRuntimeTrials"]},"SdchEnable":{"enableFeatures":["msEdgeSdch"]},"killbreachnotice":{"disableFeatures":["msNurturingBreachDetectionNotice"]},"mitigateFullscreen":{"disableFeatures":["DirectCompositionLetterboxVideoOptimization"]},"EdgeShoppingPageLocaleTimeoutConfig":{"enableFeatures":["msEdgeShoppingPageLocaleTimeout"],"parameters":[{"name":"timeout_milliseconds","value":"3000"}]},"EdgeShoppingEarlyRetailerDataDelayConfig":{"enableFeatures":["msEdgeShoppingEarlyRetailerDataDelay"],"parameters":[{"name":"delay","value":"0"}]},"EdgeShoppingFreeOffersConfig":{"enableFeatures":["msEdgeShoppingPriceComparisonBackfillFreeOffers"]},"WebAuthPasskeysUIKillerSwitch":{"disableFeatures":["WebAuthenticationPasskeysUI"]},"KillSwitchCTCPUpdates":{"disableFeatures":["CertificateTransparencyComponentUpdater","KeyPinningComponentUpdater"]},"KillSwitchUseNAT64ForIPv4Literal":{"disableFeatures":["UseNAT64ForIPv4Literal"]},"EdgeShoppingPriceCompareResponseConfig":{"enableFeatures":["msShoppingUapiExp1"]},"EdgeShoppingPriceCompareAdLangOverrideConfig":{"enableFeatures":["msShoppingUapiExp3"]},"EdgeShoppingClarityConfig":{"enableFeatures":["msEdgeShoppingClarityEnabled"]},"EdgeShoppingDefaultConfig":{"enableFeatures":["msEdgeShoppingPersistentBloomFilter","msShoppingAutoShowAfterRender","msEdgeShoppingPersonalizedCashbackBingHeaderV2","msEdgeShoppingPersistentDisabledDomainPopupOrigination","msEdgeShoppingBackgroundAutoApplyForPDPAndHomePage","msEdgeShoppingProductPageScript","msEdgeShoppingEnableAccelerateStrategyForBgaaWebContents","msEdgeShoppingAutoShowResetOnce","msEdgeShoppingShorelineHeader"],"disableFeatures":["msEdgePwiloAsync","msEdgeShoppingPriceComparisonOnceDayPerUrl","msEdgeShoppingStorageContinueOnShutdown","msEELogProductPiclFailed"]},"ECSCheck":{"enableFeatures":["ECSCheck"]},"QUIC":{"parameters":[{"name":"channel","value":"F"},{"name":"epoch","value":"30000000"},{"name":"retransmittable_on_wire_timeout_milliseconds","value":"200"}]},"OverrideActions":{"enableFeatures":["msUserActionsGovernanceList"],"parameters":[{"name":"msUserActionOverrideList","value":"Microsoft.ExtensionNTPHowToTurnOnSupportLink_Clicked,1,,12304;Microsoft.ExtensionSearchHowToTurnOnSupportLink_Clicked,1,,12304;Microsoft.Extensions.HomepageExtension_Enabled,1,,12304;Microsoft.Extensions.HomepageExtension_Installed,1,,12304;Microsoft.Extensions.NTPExtension_Enabled,1,,12304;Microsoft.Extensions.NTPExtension_Installed,1,,12304;Microsoft.Extensions.SearchExtension_Enabled,1,,12304;Microsoft.Extensions.SearchExtension_Installed,1,,12304;"}]},"OverrideEvents":{"enableFeatures":["msEventsAllowList"],"parameters":[{"name":"msEventOverrideList","value":"Microsoft.WebBrowser.SmartScreen.Usage,1,2;Microsoft.WebBrowser.SmartScreen.Performance,1,4;"}]},"TelemetryPopSampleSampling":{"enableFeatures":["msForceTelemetrySampling","msLogTestUniformDistributionHistogram"],"parameters":[{"name":"group2PopSample","value":"20"},{"name":"defaultGroupPopSample","value":"0"},{"name":"ukm2PopSample","value":"20"}]},"OverrideHistograms":{"enableFeatures":["msHistogramsGovernanceList"],"parameters":[{"name":"msHistogramOverrideList","value":"Microsoft.StandaloneSidebar.TimeTakenToClose,1,,16;Microsoft.StandaloneSidebar.TimeTakenToOpen,1,,16;Microsoft.EdgeScreenshot.StartFromEntry,1,,4194352;"}]}},"EdgeDomainActions":{"compose_inline_override":{"version":1,"policies":[{"name":"OptOut"}],"applications":[{"domain":"app.grammarly.com","applied_policy":"OptOut"},{"domain":"sharepoint.com","applied_policy":"OptOut"},{"domain":"sharepoint-df.com","applied_policy":"OptOut"},{"domain":"notion.so","applied_policy":"OptOut"},{"domain":"live.com","applied_policy":"OptOut"},{"domain":"office.com","applied_policy":"OptOut"},{"domain":"onedrive.com","applied_policy":"OptOut"},{"domain":"office.net","applied_policy":"OptOut"},{"domain":"live.net","applied_policy":"OptOut"},{"domain":"microsoft.com","applied_policy":"OptOut"},{"domain":"sharepoint.us","applied_policy":"OptOut"}]},"text_prediction_override":{"version":1,"policies":[{"name":"OptIn","type":"TextPredictionOptIn"},{"name":"OptOut","type":"TextPredictionOptOut"}],"applications":[{"domain":"twitch.tv","applied_policy":"OptOut"},{"domain":"whatsapp.com","applied_policy":"OptOut"},{"domain":"reddit.com","applied_policy":"OptOut"}]},"efficiency_mode_override":{"applications":[{"applied_policy":"block","domain":"xbox.com"},{"applied_policy":"block","domain":"play.geforcenow.com"},{"applied_policy":"block","domain":"luna.amazon.com"},{"applied_policy":"block","domain":"www.playstation.com"},{"applied_policy":"block","domain":"bing.com"},{"applied_policy":"block","domain":"browserbench.org"},{"applied_policy":"block","domain":"www.principledtechnologies.com"},{"applied_policy":"block","domain":"web.basemark.com"},{"applied_policy":"block","domain":"mozilla.github.io"},{"applied_policy":"block","domain":"html5test.com"},{"applied_policy":"block","domain":"necromanthus.com"},{"applied_policy":"block","domain":"www.wirple.com"},{"applied_policy":"block","domain":"octanetestapp.herokuapp.com"},{"applied_policy":"block","domain":"chromium.github.io"},{"applied_policy":"block","domain":"octane.webmarks.info"},{"applied_policy":"block","domain":"css3test.com"},{"applied_policy":"block","domain":"files.unity3d.com"},{"applied_policy":"block","domain":"msn.com/*/play"}],"policies":[{"name":"block","reason":"","type":"","value":""}],"version":1},"prism_explorer_override":{"version":1,"policies":[{"name":"OptIn","type":"PrismExplorerTypeOptIn"},{"name":"OptOut","type":"PrismExplorerTypeOptOut"}],"applications":[{"domain":"2mdn.net","applied_policy":"OptOut"},{"domain":"img-s-msn-com.akamaized.net","applied_policy":"OptOut"},{"domain":"azurewebsites.net","applied_policy":"OptOut"},{"domain":"bing-exp.*","applied_policy":"OptOut"},{"domain":"bing.com","applied_policy":"OptOut"},{"domain":"www.caisse-epargne.fr","applied_policy":"OptOut"},{"domain":"codepen.io","applied_policy":"OptOut"},{"domain":"create.microsoft.com","applied_policy":"OptOut"},{"domain":"defenderrazor.com","applied_policy":"OptOut"},{"domain":"designer.microsoft.com","applied_policy":"OptOut"},{"domain":"dongardner.com","applied_policy":"OptOut"},{"domain":"duckduckgo.com","applied_policy":"OptOut"},{"domain":"facebook.com","applied_policy":"OptOut"},{"domain":"free-freecell-solitaire.com","applied_policy":"OptOut"},{"domain":"google.*","applied_policy":"OptOut"},{"domain":"googlesyndication.com","applied_policy":"OptOut"},{"domain":"igo-werbeartikel.de","applied_policy":"OptOut"},{"domain":"igoprofil.*","applied_policy":"OptOut"},{"domain":"igopromo.*","applied_policy":"OptOut"},{"domain":"instagram.com","applied_policy":"OptOut"},{"domain":"linkedin.*","applied_policy":"OptOut"},{"domain":"live.com","applied_policy":"OptOut"},{"domain":"mapquest.*","applied_policy":"OptOut"},{"domain":"netflix.*","applied_policy":"OptOut"},{"domain":"office.com","applied_policy":"OptOut"},{"domain":"officeapps.live.com","applied_policy":"OptOut"},{"domain":"openrailwaymap.org","applied_policy":"OptOut"},{"domain":"outbrainimg.com","applied_policy":"OptOut"},{"domain":"pexels.com","applied_policy":"OptOut"},{"domain":"search.naver.com","applied_policy":"OptOut"},{"domain":"search.yahoo.com","applied_policy":"OptOut"},{"domain":"sharepoint.com","applied_policy":"OptOut"},{"domain":"skovik.com","applied_policy":"OptOut"},{"domain":"staging-bing-int.*","applied_policy":"OptOut"},{"domain":"storage.live.com","applied_policy":"OptOut"},{"domain":"svc.ms","applied_policy":"OptOut"},{"domain":"sygic.*","applied_policy":"OptOut"},{"domain":"techcommunity.microsoft.com","applied_policy":"OptOut"},{"domain":"tiktok.com","applied_policy":"OptOut"},{"domain":"twitter.com","applied_policy":"OptOut"},{"domain":"web.whatsapp.com","applied_policy":"OptOut"},{"domain":"yammer.com","applied_policy":"OptOut"},{"domain":"youtube.com","applied_policy":"OptOut"},{"domain":"content.lego.com","applied_policy":"OptOut"},{"domain":"partner.lego.com","applied_policy":"OptOut"},{"domain":"shop.b2b.lego.com","applied_policy":"OptOut"},{"domain":"showroom.lego.com","applied_policy":"OptOut"}]},"content_filter_on_off_switch":{"version":1,"policies":[{"name":"ContentFilter"}],"applications":[{"domain":"microsoft.com","applied_policy":"ContentFilter"}]},"ecp_override":{"version":1,"policies":[{"name":"PlainTextURLsOnly","type":"ECPOnlyPlaintextURLs"}],"applications":[{"applied_policy":"PlainTextURLsOnly","domain":"hangouts.google.com"},{"applied_policy":"PlainTextURLsOnly","domain":"chat.google.com"},{"applied_policy":"PlainTextURLsOnly","domain":"slack.com"},{"applied_policy":"PlainTextURLsOnly","domain":"facebook.com"},{"applied_policy":"PlainTextURLsOnly","domain":"wechat.com"},{"applied_policy":"PlainTextURLsOnly","domain":"weixin.com"},{"applied_policy":"PlainTextURLsOnly","domain":"qq.com"},{"applied_policy":"PlainTextURLsOnly","domain":"webex.com"},{"applied_policy":"PlainTextURLsOnly","domain":"wordpress.com"},{"applied_policy":"PlainTextURLsOnly","domain":"twitter.com"},{"applied_policy":"PlainTextURLsOnly","domain":"discord.com"}]},"media_foundation_override":{"version":1,"policies":[{"name":"OptIn","type":"MediaFoundationOptIn"},{"name":"OptOut","type":"MediaFoundationOptOut"}],"applications":[{"domain":"youtube.com","path_exclude":["/shorts","/kids"],"subdomain_exclude":["tv.youtube.com","studio.youtube.com","vr.youtube.com"],"applied_policy":"OptIn"}]},"web_notification_override":{"applications":[{"applied_policy":"Prompt","domain":"www.reddit.com"},{"applied_policy":"Prompt","domain":"www.telegraphindia.com"},{"applied_policy":"Prompt","domain":"timesofindia.indiatimes.com"},{"applied_policy":"Prompt","domain":"pushengage.com"},{"applied_policy":"Prompt","domain":"www.timesnownews.com"},{"applied_policy":"Prompt","domain":"www.couponrani.com"},{"applied_policy":"Prompt","domain":"www.wholesomeyum.com"},{"applied_policy":"Prompt","domain":"www.asklaila.com"},{"applied_policy":"Prompt","domain":"www.sammobile.com"},{"applied_policy":"Prompt","domain":"www.ecuavisa.com"},{"applied_policy":"Prompt","domain":"uz.sputniknews.ru"},{"applied_policy":"Prompt","domain":"www.ndtv.com"},{"applied_policy":"Prompt","domain":"www.elimparcial.com"},{"applied_policy":"Prompt","domain":"www.povarenok.ru"},{"applied_policy":"Prompt","domain":"www.estadao.com.br"},{"applied_policy":"Prompt","domain":"olxpakistan.os.tc"},{"applied_policy":"Prompt","domain":"televisa.com"},{"applied_policy":"Prompt","domain":"uol.com.br"},{"applied_policy":"Prompt","domain":"www.axisbank.com"},{"applied_policy":"Prompt","domain":"mutualfund.adityabirlacapital.com"},{"applied_policy":"Prompt","domain":"www.facebook.com"},{"applied_policy":"Prompt","domain":"www.instagram.com"},{"applied_policy":"Prompt","domain":"www.messenger.com"},{"applied_policy":"IncomingCall","domain":"teams.microsoft.com"}],"policies":[{"name":"Prompt","type":"prompt"},{"name":"IncomingCall","type":"incoming_call"},{"name":"PromptAndIncomingCall","type":"prompt_and_incoming_call"}],"version":1},"codec_override":{"version":1,"policies":[{"name":"HideMfHevcCodec","type":"MfHevcCodec"}],"applications":[{"applied_policy":"HideMfHevcCodec","domain":"tv.apple.com"},{"applied_policy":"HideMfHevcCodec","domain":"nintendo.com"}]},"idl_override":{"applications":[{"applied_policy":"ExposePrefixedEME","domain":"netflix.com"},{"applied_policy":"ExposePrefixedEME","domain":"netflixstudios.com"},{"applied_policy":"ExposePrefixedEME","domain":"music.amazon.co.jp"},{"applied_policy":"ExposePrefixedEME","domain":"music.amazon.co.uk"},{"applied_policy":"ExposePrefixedEME","domain":"music.amazon.com"},{"applied_policy":"ExposePrefixedEME","domain":"music.amazon.de"},{"applied_policy":"ExposePrefixedEME","domain":"music.amazon.es"},{"applied_policy":"ExposePrefixedEME","domain":"music.amazon.fr"},{"applied_policy":"ExposePrefixedEME","domain":"music.amazon.in"},{"applied_policy":"ExposePrefixedEME","domain":"music.amazon.it"},{"applied_policy":"ExposePrefixedEME","domain":"music.amazon.ca"},{"applied_policy":"ExposePrefixedEME","domain":"music.amazon.com.br"},{"domain":"sling.com","applied_policy":"ExposePrefixedEME"},{"domain":"openidconnectweb.azurewebsites.net","applied_policy":"ExposePrefixedEME"}],"policies":[{"name":"ExposePrefixedEME","type":"PrefixedEme"}],"version":1},"cdm_override":{"version":1,"policies":[{"name":"OnlyExposePlayReady","type":"Playready"},{"name":"OnlyExposeWidevine","type":"Widevine"}],"applications":[{"domain":"sling.com","applied_policy":"OnlyExposePlayReady"},{"domain":"tou.tv","applied_policy":"OnlyExposeWidevine"},{"domain":"maxdome.de","applied_policy":"OnlyExposeWidevine"},{"domain":"abc.com","applied_policy":"OnlyExposeWidevine"},{"domain":"tv.apple.com","applied_policy":"OnlyExposeWidevine"},{"domain":"la7.it","applied_policy":"OnlyExposeWidevine"},{"domain":"xfinity.com","applied_policy":"OnlyExposeWidevine"},{"domain":"watchtv.cox.com","applied_policy":"OnlyExposeWidevine"},{"domain":"ignitetv.rogers.com","applied_policy":"OnlyExposeWidevine"},{"domain":"bluecurvetv.shaw.ca","applied_policy":"OnlyExposeWidevine"},{"domain":"helix.videotron.com","applied_policy":"OnlyExposeWidevine"},{"domain":"criterionchannel.com","applied_policy":"OnlyExposeWidevine"},{"domain":"ntathome.com","applied_policy":"OnlyExposeWidevine"},{"domain":"wowpresentsplus.com","applied_policy":"OnlyExposeWidevine"},{"domain":"vhx.tv","applied_policy":"OnlyExposeWidevine"},{"domain":"hulu.com","applied_policy":"OnlyExposeWidevine"},{"domain":"app.quickhelp.com","applied_policy":"OnlyExposeWidevine"},{"domain":"DishAnywhere.com","applied_policy":"OnlyExposeWidevine"}]},"user_agent_override":{"version":1,"policies":[{"name":"EdgeUA","type":"partialReplacement","value":"AppleWebKit/537.36 (KHTML, like Gecko) Chrome/70.0.3538.102 Safari/537.36 Edge/18.17763"},{"name":"IEUA","type":"platformIgnorantFullReplacement","value":"Mozilla/5.0 (Windows NT 10.0; WOW64; Trident/7.0; .NET4.0C; .NET4.0E; .NET CLR 2.0.50727; .NET CLR 3.0.30729; .NET CLR 3.5.30729; Zoom 3.6.0; rv:11.0) like Gecko"},{"name":"DrmEdgeUA","type":"partialReplacement","value":"AppleWebKit/537.36 (KHTML, like Gecko) Chrome/64.0.3282.140 Safari/537.36 Edge/18.17763","reason":"DigitalRightsManagement"},{"name":"EdgUA","type":"replaceIfWorkaroundsNeeded"},{"name":"DrmEdgUA","type":"replaceIfWorkaroundsNeeded","reason":"DigitalRightsManagement"},{"name":"ChromeUA","type":"edgeTokenReplacement"},{"name":"DoNotOverride","type":"doNotOverride"},{"name":"Edge99","type":"partialReplacement","value":"AppleWebKit/537.36 (KHTML, like Gecko) Chrome/99.0.4844.74 Safari/537.36 Edg/99.0.1150.55"},{"name":"Chrome99","type":"partialReplacement","value":"AppleWebKit/537.36 (KHTML, like Gecko) Chrome/99.0.4844.74 Safari/537.36"},{"name":"ChromeUAAndClientHints","type":"edgeTokenReplacementAndClientHints","value":{"user_agent_override":"","sec-ch-ua-add":[{"brand":"Google Chrome"}],"sec-ch-ua-remove":["Microsoft Edge"]}}],"applications":[{"domain":"www.google.com","path_match":["/chrome"],"applied_policy":"DoNotOverride"},{"domain":"84plusce.ti.com","applied_policy":"ChromeUAAndClientHints"},{"domain":"www.languageacademy.com.au","applied_policy":"ChromeUA"},{"domain":"glive2.gaodun.com","applied_policy":"ChromeUA"},{"domain":"interlakepsychiatricintouch.insynchcs.com","applied_policy":"ChromeUA"},{"domain":"pulse.genesisworld.com","applied_policy":"ChromeUA"},{"domain":"eip.ccfsm.or.kr","applied_policy":"DoNotOverride"},{"domain":"hbonow.com","applied_policy":"DrmEdgeUA"},{"domain":"hboportugal.com","applied_policy":"DrmEdgeUA"},{"domain":"hbogo.com","applied_policy":"DrmEdgeUA"},{"domain":"hbogo.bg","applied_policy":"DrmEdgeUA"},{"domain":"hbogo.ro","applied_policy":"DrmEdgeUA"},{"domain":"hbogo.cz","applied_policy":"DrmEdgeUA"},{"domain":"wrc.t-mobile.com","applied_policy":"ChromeUA"},{"domain":"meituan.com","applied_policy":"ChromeUA"},{"domain":"maxdome.de","applied_policy":"ChromeUA"},{"domain":"go.canaldigital.fi","applied_policy":"EdgeUA"},{"domain":"go.canaldigital.no","applied_policy":"EdgeUA"},{"domain":"go.canaldigital.se","applied_policy":"EdgeUA"},{"domain":"canaldigital.dk","subdomain_match":["go.canaldigital.dk","tv.canaldigital.dk"],"applied_policy":"EdgeUA"},{"domain":"la7.it","applied_policy":"ChromeUA"},{"domain":"ide.cs50.io","applied_policy":"ChromeUA"},{"domain":"moneygram.com","applied_policy":"ChromeUA"},{"domain":"blog.esuteru.com","applied_policy":"ChromeUA"},{"domain":"smallbusiness.yahoo.com","path_match":["/businessmaker"],"applied_policy":"ChromeUA"},{"domain":"abc.com","applied_policy":"ChromeUA"},{"domain":"myslate.sixphrase.com","applied_policy":"ChromeUA"},{"domain":"search.norton.com","path_match":["/nsssOnboarding"],"applied_policy":"ChromeUA"},{"domain":"virtualvisitlogin.partners.org","applied_policy":"ChromeUA"},{"domain":"carelogin.bryantelemedicine.com","applied_policy":"ChromeUA"},{"domain":"providerstc.hs.utah.gov","applied_policy":"ChromeUA"},{"domain":"applychildcaresubsidy.alberta.ca","applied_policy":"ChromeUA"},{"domain":"elearning.evn.com.vn","path_match":["/login"],"applied_policy":"ChromeUA"},{"domain":"authoring.amirsys.com","path_match":["/login"],"applied_policy":"ChromeUA"},{"domain":"elearning.seabank.com.vn","path_match":["/login"],"applied_policy":"ChromeUA"},{"domain":"app.fields.corteva.com","path_match":["/login"],"applied_policy":"ChromeUA"},{"domain":"gsq.minornet.com","applied_policy":"ChromeUA"},{"domain":"shop.lic.co.nz","applied_policy":"ChromeUA"},{"domain":"telehealthportal.uofuhealth.org","applied_policy":"ChromeUA"},{"domain":"portal.centurylink.com","applied_policy":"ChromeUA"},{"domain":"visitnow.org","applied_policy":"ChromeUA"},{"domain":"www.hotstar.com","path_match":["/in/subscribe/payment/methods/dc","/in/subscribe/payment/methods/cc"],"applied_policy":"ChromeUA"},{"domain":"tryca.st","path_match":["/studio","/publisher"],"applied_policy":"ChromeUA"},{"domain":"astrogo.astro.com.my","applied_policy":"ChromeUA"},{"domain":"app.classkick.com","applied_policy":"ChromeUA"},{"domain":"exchangeservicecenter.com","path_match":["/freeze"],"applied_policy":"ChromeUA"},{"domain":"bancodeoccidente.com.co","path_match":["/portaltransaccional"],"applied_policy":"ChromeUA"},{"domain":"bm.gzekao.cn","path_match":["/tr/webregister/"],"applied_policy":"IEUA"},{"domain":"salud.go.cr","applied_policy":"ChromeUA"},{"domain":"learning.chungdahm.com","applied_policy":"ChromeUA"},{"domain":"gooroomee.com","applied_policy":"ChromeUA"},{"domain":"tenantev.com","applied_policy":"ChromeUA"},{"domain":"printful.com","path_match":["/dashboard/default"],"applied_policy":"ChromeUA"},{"domain":"fansnet.jp","path_match":["/signin"],"applied_policy":"ChromeUA"},{"domain":"hanafloralpos2.com","applied_policy":"ChromeUA"},{"domain":"elroyalecasinobonuses.com","applied_policy":"ChromeUA"},{"domain":"moji365.com","applied_policy":"ChromeUA"},{"domain":"web2020.atama.plus","applied_policy":"ChromeUA"},{"domain":"elroyalecasino.com","applied_policy":"ChromeUA"},{"domain":"aussieplaybonuses.com","applied_policy":"ChromeUA"},{"domain":"front.viewinter.ai","applied_policy":"ChromeUA"},{"domain":"newstudentregistration.nmsu.edu","applied_policy":"ChromeUA"},{"domain":"app.evisit.com","applied_policy":"ChromeUA"},{"domain":"richpalms.com","applied_policy":"ChromeUA"},{"domain":"lilyclass.com","applied_policy":"ChromeUA"},{"domain":"hiflow.com","applied_policy":"ChromeUA"},{"domain":"my.a-bly.com","applied_policy":"ChromeUA"},{"domain":"app.mytaxprepoffice.com","applied_policy":"ChromeUA"},{"domain":"login.hourpowerpro.com","applied_policy":"ChromeUA"},{"domain":"crayondatabase.com","applied_policy":"ChromeUA"},{"domain":"elroyalecasinomail.com","applied_policy":"ChromeUA"},{"domain":"aussieplaypromos.com","applied_policy":"ChromeUA"},{"domain":"eu.smilemate.com","applied_policy":"ChromeUA"},{"domain":"live.remo.co","applied_policy":"ChromeUA"},{"domain":"orders.cutcoapps.com","applied_policy":"ChromeUA"},{"domain":"app.pharmulary.com","applied_policy":"ChromeUA"},{"domain":"learn.maplesoft.com","applied_policy":"ChromeUA"},{"domain":"suppliersmx.smp-automotive.com","applied_policy":"ChromeUA"},{"domain":"tv.partner.co.il","applied_policy":"ChromeUA"},{"domain":"ykc.hanwangjiaoyu.com","applied_policy":"ChromeUA"},{"domain":"lacite.essentialskillsgroup.com","applied_policy":"ChromeUA"},{"domain":"my.globaluniversity.edu","applied_policy":"ChromeUA"},{"domain":"totale.rosettastone.com","applied_policy":"ChromeUA"},{"domain":"icingimages.com","applied_policy":"ChromeUA"},{"domain":"geforcenow.com","applied_policy":"ChromeUA"},{"domain":"capitaloneoffers.com","applied_policy":"ChromeUA"},{"domain":"yorbit.mindtree.com","applied_policy":"ChromeUA"},{"domain":"prepmod.health.state.mn.us","applied_policy":"ChromeUA"},{"domain":"prepmod.doh.wa.gov","applied_policy":"ChromeUA"},{"domain":"ome.tv","applied_policy":"ChromeUA"},{"domain":"wowow.co.jp","applied_policy":"ChromeUA"},{"domain":"sankuai.com","applied_policy":"ChromeUA"},{"domain":"prezi.com","applied_policy":"ChromeUA"},{"domain":"algoritmika.*","applied_policy":"ChromeUA"},{"domain":"whitehatjr.com","applied_policy":"ChromeUA"},{"domain":"www.skyroom.online","applied_policy":"ChromeUA"},{"domain":"videochatru.com","applied_policy":"ChromeUA"},{"domain":"www.yuque.com","applied_policy":"ChromeUA"},{"domain":"hllqp.com","applied_policy":"ChromeUA"},{"domain":"unacademy.com","applied_policy":"ChromeUA"},{"domain":"mazonecec.com","applied_policy":"ChromeUA"},{"domain":"chat-pt.com","applied_policy":"ChromeUA"},{"domain":"nativecamp.net","applied_policy":"ChromeUA"},{"domain":"newrow.com","applied_policy":"ChromeUA"},{"domain":"www.chess.com","applied_policy":"ChromeUA"},{"domain":"pixton.com","applied_policy":"ChromeUA"},{"domain":"bank.dream-1.co.kr","applied_policy":"ChromeUA"},{"domain":"siga.aduanas.gob.do","applied_policy":"ChromeUA"},{"domain":"secure.priviahealth.com","applied_policy":"ChromeUA"},{"domain":"vroom.truevirtualworld.com","applied_policy":"ChromeUA"},{"domain":"mettl.com","applied_policy":"ChromeUA"},{"domain":"granbluefantasy.jp","applied_policy":"ChromeUA"},{"domain":"xiaomawang.com","applied_policy":"ChromeUA"},{"domain":"talview.com","applied_policy":"ChromeUA"},{"domain":"vpn.zmaxis.com","applied_policy":"ChromeUA"},{"domain":"app.jigsawinteractive.com","applied_policy":"ChromeUA"},{"domain":"www.quebon.tv","applied_policy":"ChromeUA"},{"domain":"mars.alg.academy","applied_policy":"ChromeUA"},{"domain":"www.flexclip.com","applied_policy":"ChromeUA"},{"domain":"smarterproctoring.com","applied_policy":"ChromeUA"},{"domain":"minedia.com","applied_policy":"ChromeUA"},{"domain":"www.filemaru.com","applied_policy":"ChromeUA"},{"domain":"hirepro.in","applied_policy":"ChromeUA"},{"domain":"lwss.cdgdc.edu.cn","applied_policy":"ChromeUA"},{"domain":"keckmedicine.org","applied_policy":"ChromeUA"},{"domain":"kaipoke.biz","applied_policy":"ChromeUA"},{"domain":"app.bookcreator.com","applied_policy":"ChromeUA"},{"domain":"player.pl","applied_policy":"ChromeUA"},{"domain":"live.twebcast.com","applied_policy":"ChromeUA"},{"domain":"web.openrainbow.com","applied_policy":"ChromeUA"},{"domain":"www.storyboardthat.com","applied_policy":"ChromeUA"},{"domain":"www.techfluency.org","applied_policy":"ChromeUA"},{"domain":"www.amway.co.kr","applied_policy":"ChromeUA"},{"domain":"smartschool.be","applied_policy":"ChromeUA"},{"domain":"bm.chsi.com.cn","applied_policy":"ChromeUA"},{"domain":"www.n-gaku.ed.jp","applied_policy":"ChromeUA"},{"domain":"start.ipc.qld.edu.au","applied_policy":"ChromeUA"},{"domain":"global.talk-cloud.net","applied_policy":"ChromeUA"},{"domain":"sigaexplorer.aduanas.gob.do","applied_policy":"ChromeUA"},{"domain":"www.protrainings.com","applied_policy":"ChromeUA"},{"domain":"www.rarejob.com","applied_policy":"ChromeUA"},{"domain":"chatalternative.com","applied_policy":"ChromeUA"},{"domain":"socialive.us","applied_policy":"ChromeUA"},{"domain":"www.zhihu.com","applied_policy":"ChromeUA"},{"domain":"login.smasheducation.com","applied_policy":"ChromeUA"},{"domain":"mindbody.io","applied_policy":"ChromeUA"},{"domain":"hubgame.cn","applied_policy":"ChromeUA"},{"domain":"mega.nz","applied_policy":"ChromeUA"},{"domain":"univer.kaznpu.kz","applied_policy":"ChromeUA"},{"domain":"www.jkydata.com","applied_policy":"ChromeUA"},{"domain":"clipchamp.com","applied_policy":"ChromeUA"},{"domain":"yz.cainiao.com","applied_policy":"ChromeUA"},{"domain":"app.boardable.com","applied_policy":"ChromeUA"},{"domain":"kakao.com","applied_policy":"ChromeUA"},{"domain":"blibee.com","applied_policy":"ChromeUA"},{"domain":"woots.nl","applied_policy":"ChromeUA"},{"domain":"webinar.anymeeting.com","applied_policy":"ChromeUA"},{"domain":"www.valr.com","applied_policy":"ChromeUA"},{"domain":"rwanda.edacy.com","applied_policy":"ChromeUA"},{"domain":"onlyonefoodnet.ifresh.co.kr","applied_policy":"ChromeUA"},{"domain":"wing.coupang.com","applied_policy":"ChromeUA"},{"domain":"coronavirus.maryland.gov","applied_policy":"ChromeUA"},{"domain":"www.alarm.com","applied_policy":"ChromeUA"},{"domain":"www.niubizenlinea.com.pe","applied_policy":"ChromeUA"},{"domain":"integra.co.in","applied_policy":"ChromeUA"},{"domain":"spatial.chat","applied_policy":"ChromeUA"},{"domain":"1cs.jp","applied_policy":"ChromeUA"},{"domain":"axisbank.com","applied_policy":"ChromeUA"},{"domain":"customs.vans.com.cn","applied_policy":"ChromeUA"},{"domain":"online.aufratenzur.bawagpsk.com","applied_policy":"ChromeUA"},{"domain":"dsp.horse24.com","applied_policy":"ChromeUA"},{"domain":"order.campion.com.au","applied_policy":"ChromeUA"},{"domain":"bcpzonasegurabeta.viabcp.com","applied_policy":"ChromeUA"},{"domain":"www.xthk.cn","applied_policy":"ChromeUA"},{"domain":"lemo.share-platform.de","applied_policy":"ChromeUA"},{"domain":"vc.dial070.co.kr","applied_policy":"ChromeUA"},{"domain":"www.gaosiedu.com","applied_policy":"ChromeUA"},{"domain":"jp.glats.online","applied_policy":"ChromeUA"},{"domain":"all-dream.com","applied_policy":"ChromeUA"},{"domain":"www.typing.com","applied_policy":"ChromeUA"},{"domain":"www.bitpaper.io","applied_policy":"ChromeUA"},{"domain":"tophat.com","applied_policy":"ChromeUA"},{"domain":"home.ibotta.com","applied_policy":"ChromeUA"},{"domain":"vaccinereg.health.nd.gov","applied_policy":"ChromeUA"},{"domain":"www.comassvax.org","applied_policy":"ChromeUA"},{"domain":"www.mtreadyclinic.org","applied_policy":"ChromeUA"},{"domain":"www.vaccinateri.org","applied_policy":"ChromeUA"},{"domain":"www.marylandvax.org","applied_policy":"ChromeUA"},{"domain":"myhealth.alaska.gov","applied_policy":"ChromeUA"},{"domain":"fx.dmm.com","applied_policy":"ChromeUA"},{"domain":"kyc.icicibank.com","applied_policy":"ChromeUA"},{"domain":"hd.kinopoisk.ru","applied_policy":"ChromeUA"},{"domain":"aiosante.fr","applied_policy":"ChromeUA"},{"domain":"mentora.co","applied_policy":"ChromeUA"},{"domain":"leboncoin.fr","applied_policy":"ChromeUA"},{"domain":"new.faberlic.com","applied_policy":"ChromeUA"},{"domain":"support.proxyvote.com","applied_policy":"ChromeUA"},{"domain":"syscheck.bridge.psiexams.com","applied_policy":"ChromeUA"},{"domain":"logon.mykpa.com","applied_policy":"ChromeUA"},{"domain":"power2patient.net","applied_policy":"ChromeUA"},{"domain":"hunbei.com","applied_policy":"ChromeUA"},{"domain":"siharka.menpan.go.id","applied_policy":"ChromeUA"},{"domain":"learning.apaxleaders.edu.vn","applied_policy":"ChromeUA"},{"domain":"sanayisicil.sanayi.gov.tr","applied_policy":"ChromeUA"},{"domain":"provider.teladoc.com","applied_policy":"ChromeUA"},{"domain":"codelion.net","applied_policy":"ChromeUA"},{"domain":"kaleoz.com","applied_policy":"ChromeUA"},{"domain":"demos.cutcoapps.com","applied_policy":"ChromeUA"},{"domain":"eps.jspl.com","applied_policy":"ChromeUA"},{"domain":"managing.h-navi.jp","applied_policy":"ChromeUA"},{"domain":"pinfrafacturacion.com.mx","applied_policy":"ChromeUA"},{"domain":"app.showit.co","applied_policy":"ChromeUA"},{"domain":"co-verify.com","applied_policy":"ChromeUA"},{"domain":"app.axiumascend.com","applied_policy":"ChromeUA"},{"domain":"student.atama.plus","applied_policy":"ChromeUA"},{"domain":"cyedu.kead.or.kr","applied_policy":"ChromeUA"},{"domain":"service.medicheck.se","applied_policy":"ChromeUA"},{"domain":"conv.gryphondds.com","applied_policy":"ChromeUA"},{"domain":"business.curated.com","applied_policy":"ChromeUA"},{"domain":"platinum-options.com","applied_policy":"ChromeUA"},{"domain":"pjxt.lnen.cn","applied_policy":"ChromeUA"},{"domain":"smartping.live","applied_policy":"ChromeUA"},{"domain":"docs.google.com","applied_policy":"ChromeUA"},{"domain":"passwords.google.com","applied_policy":"DoNotOverride"},{"domain":"takeout.google.com","applied_policy":"DoNotOverride"},{"domain":"kealahou.cfht.hawaii.edu","applied_policy":"ChromeUA"},{"domain":"speechtexter.com","applied_policy":"ChromeUA"},{"domain":"admall.youpenglai.com","applied_policy":"ChromeUA"},{"domain":"buy.icicibank.com","applied_policy":"ChromeUA"},{"domain":"oa.imuyuan.com","applied_policy":"ChromeUA"},{"domain":"clube.dermaclub.com.br","applied_policy":"ChromeUA"},{"domain":"msnvideo.com","applied_policy":"DoNotOverride"},{"domain":"msnkids.com","applied_policy":"DoNotOverride"},{"domain":"microsoftnews.cn","applied_policy":"DoNotOverride"},{"domain":"msn.com","applied_policy":"DoNotOverride"},{"domain":"msn.cn","applied_policy":"DoNotOverride"},{"domain":"msnewskids.com","applied_policy":"DoNotOverride"},{"domain":"microsoftnewskids.com","applied_policy":"DoNotOverride"},{"domain":"msn-amp.com","applied_policy":"DoNotOverride"},{"domain":"microsoftnews.com","applied_policy":"DoNotOverride"},{"domain":"msnewsmedia.com","applied_policy":"DoNotOverride"},{"domain":"microsoftnewsforkids.com","applied_policy":"DoNotOverride"},{"domain":"edgestoreweb.edgebrowser.microsoft-staging-falcon.io","applied_policy":"DoNotOverride"},{"domain":"edgestoreweb.edgebrowser.microsoft-testing-falcon.io","applied_policy":"DoNotOverride"},{"domain":"abema.tv","applied_policy":"DoNotOverride"},{"domain":"acorn.tv","applied_policy":"DoNotOverride"},{"domain":"bilibili.com","applied_policy":"DoNotOverride"},{"domain":"chaines-tv.orange.fr","applied_policy":"DoNotOverride"},{"domain":"ctc.ru","applied_policy":"DoNotOverride"},{"domain":"dk.hbonordic.com","applied_policy":"DoNotOverride"},{"domain":"hbogo.pl","applied_policy":"DoNotOverride"},{"domain":"listen.tidal.com","applied_policy":"DoNotOverride"},{"domain":"listeningparty.bts-butter.com","applied_policy":"DoNotOverride"},{"domain":"live-nba.stream","applied_policy":"DoNotOverride"},{"domain":"mcg.decipherinc.com","applied_policy":"DoNotOverride"},{"domain":"amazon.*","applied_policy":"DoNotOverride"},{"domain":"music.apple.com","applied_policy":"DoNotOverride"},{"domain":"now.dstv.com","applied_policy":"DoNotOverride"},{"domain":"okko.tv","applied_policy":"DoNotOverride"},{"domain":"open.spotify.com","applied_policy":"DoNotOverride"},{"domain":"opto.sic.pt","applied_policy":"DoNotOverride"},{"domain":"orangetv.orange.es","applied_policy":"DoNotOverride"},{"domain":"play.hbomax.com","applied_policy":"DoNotOverride"},{"domain":"play.waipu.tv","applied_policy":"DoNotOverride"},{"domain":"sports24.icu","applied_policy":"DoNotOverride"},{"domain":"sports24.stream","applied_policy":"DoNotOverride"},{"domain":"stream.osn.com","applied_policy":"DoNotOverride"},{"domain":"swag.live","applied_policy":"DoNotOverride"},{"domain":"tv.rakuten.co.jp","applied_policy":"DoNotOverride"},{"domain":"tv.yousee.dk","applied_policy":"DoNotOverride"},{"domain":"tvthek.orf.at","applied_policy":"DoNotOverride"},{"domain":"v.ouj.ac.jp","applied_policy":"DoNotOverride"},{"domain":"v.youku.com","applied_policy":"DoNotOverride"},{"domain":"ver.movistarplus.es","applied_policy":"DoNotOverride"},{"domain":"video.dmkt-sp.jp","applied_policy":"DoNotOverride"},{"domain":"video.unext.jp","applied_policy":"DoNotOverride"},{"domain":"videomarket.dmm.com","applied_policy":"DoNotOverride"},{"domain":"vod.canalplus.com","applied_policy":"DoNotOverride"},{"domain":"vod.tvp.pl","applied_policy":"DoNotOverride"},{"domain":"voyo.markiza.sk","applied_policy":"DoNotOverride"},{"domain":"voyo.nova.cz","applied_policy":"DoNotOverride"},{"domain":"vtm.be","applied_policy":"DoNotOverride"},{"domain":"watch.spectrum.net","applied_policy":"DoNotOverride"},{"domain":"watcha.com","applied_policy":"DoNotOverride"},{"domain":"wink.rt.ru","applied_policy":"DoNotOverride"},{"domain":"www.6play.fr","applied_policy":"DoNotOverride"},{"domain":"www.atresplayer.com","applied_policy":"DoNotOverride"},{"domain":"www.audible.com","applied_policy":"DoNotOverride"},{"domain":"www.canalplus.com","applied_policy":"DoNotOverride"},{"domain":"www.channel4.com","applied_policy":"DoNotOverride"},{"domain":"www.crunchyroll.com","applied_policy":"DoNotOverride"},{"domain":"www.dazn.com","applied_policy":"DoNotOverride"},{"domain":"www.directvgo.com","applied_policy":"ChromeUA"},{"domain":"www.filmin.es","applied_policy":"DoNotOverride"},{"domain":"www.fubo.tv","applied_policy":"DoNotOverride"},{"domain":"www.glaz.tv","applied_policy":"DoNotOverride"},{"domain":"www.hoopladigital.com","applied_policy":"DoNotOverride"},{"domain":"www.horizon.tv","applied_policy":"DoNotOverride"},{"domain":"www.hulu.com","applied_policy":"DoNotOverride"},{"domain":"www.imdb.com","applied_policy":"DoNotOverride"},{"domain":"www.itv.com","applied_policy":"DoNotOverride"},{"domain":"www.ivi.ru","applied_policy":"ChromeUA"},{"domain":"www.my5.tv","applied_policy":"DoNotOverride"},{"domain":"www.netflix.com","applied_policy":"DoNotOverride"},{"domain":"www.npostart.nl","applied_policy":"DoNotOverride"},{"domain":"www.paramountplus.com","applied_policy":"DoNotOverride"},{"domain":"www.peacocktv.com","applied_policy":"DoNotOverride"},{"domain":"www.primevideo.com","applied_policy":"DoNotOverride"},{"domain":"www.rts.ch","applied_policy":"DoNotOverride"},{"domain":"www.salto.fr","applied_policy":"DoNotOverride"},{"domain":"www.streamz.be","applied_policy":"DoNotOverride"},{"domain":"www.telenettv.be","applied_policy":"DoNotOverride"},{"domain":"www.tntdrama.com","applied_policy":"DoNotOverride"},{"domain":"www.twitch.tv","applied_policy":"DoNotOverride"},{"domain":"www.viki.com","applied_policy":"DoNotOverride"},{"domain":"www.vudu.com","applied_policy":"DoNotOverride"},{"domain":"www.weverse.io","applied_policy":"DoNotOverride"},{"domain":"www.ziggogo.tv","applied_policy":"DoNotOverride"},{"domain":"yandex.ru","applied_policy":"DoNotOverride"},{"domain":"microsoft.com","applied_policy":"DoNotOverride"},{"domain":"login.windows-ppe.net","applied_policy":"DoNotOverride"},{"domain":"login.microsoftonline.eaglex.ic.gov","applied_policy":"DoNotOverride"},{"domain":"login.microsoftonline.microsoft.scloud","applied_policy":"DoNotOverride"},{"domain":"login.microsoftonline.com","applied_policy":"DoNotOverride"},{"domain":"login.microsoftonline.de","applied_policy":"DoNotOverride"},{"domain":"login.microsoftonline.us","applied_policy":"DoNotOverride"},{"domain":"login-us.microsoftonline.com","applied_policy":"DoNotOverride"},{"domain":"login.partner.microsoftonline.cn","applied_policy":"DoNotOverride"},{"domain":"powerapps.com","applied_policy":"DoNotOverride"},{"domain":"office.com","applied_policy":"DoNotOverride"},{"domain":"office365.us","applied_policy":"DoNotOverride"},{"domain":"ohome.apps.mil","applied_policy":"DoNotOverride"},{"domain":"ohome.eaglex.ic.gov","applied_policy":"DoNotOverride"},{"domain":"ohome.microsoft.scloud","applied_policy":"DoNotOverride"},{"domain":"jinshuschool.cn","applied_policy":"DoNotOverride"},{"domain":"app.figure1.com","applied_policy":"ChromeUA"},{"domain":"immunizealberta.ca","applied_policy":"Edge99"},{"domain":"www.souz-mid.ru","applied_policy":"Edge99"},{"domain":"www.my46.org","applied_policy":"Edge99"},{"domain":"www.rocdefrance.fr","applied_policy":"Edge99"},{"domain":"portal.digitalbusiness.telstra.com","applied_policy":"Edge99"},{"domain":"espace-sante-international.humanis.com","applied_policy":"Edge99"},{"domain":"www2.gistda.or.th","applied_policy":"Edge99"},{"domain":"isro.gov.in","applied_policy":"Edge99"},{"domain":"osunsa.ddns.net","path_match":["/sgapi"],"applied_policy":"Edge99"},{"domain":"rev.com","applied_policy":"ChromeUA"},{"domain":"spp.tsm.ibmserviceengage.com","applied_policy":"Edge99"},{"domain":"app.initlive.com","applied_policy":"ChromeUA"},{"domain":"atitesting.com","applied_policy":"ChromeUA"},{"domain":"mheducation.com","applied_policy":"ChromeUA"},{"domain":"honorlock.com","applied_policy":"ChromeUA"},{"domain":"capcut.com ","applied_policy":"ChromeUA"},{"domain":"capcut.cn","applied_policy":"ChromeUA"},{"domain":"oxcoder.com.cn","applied_policy":"ChromeUA"},{"domain":"usac.edu.gt","applied_policy":"ChromeUA"},{"domain":"educareac.com","applied_policy":"ChromeUA"},{"domain":"proctoru.com","applied_policy":"ChromeUA"},{"domain":"videokyc.icicibank.com","applied_policy":"ChromeUA"},{"domain":"proctorizer.com","applied_policy":"ChromeUA"},{"domain":"qlteacher.com","applied_policy":"ChromeUA"},{"domain":"shipbob.com","applied_policy":"ChromeUA"},{"domain":"amwater.com","applied_policy":"ChromeUA"},{"domain":"nowcoder.com","applied_policy":"ChromeUA"},{"domain":"elsevier.com","applied_policy":"ChromeUA"},{"domain":"xueersi.com","applied_policy":"ChromeUA"},{"domain":"digication.com","applied_policy":"ChromeUA"},{"domain":"classcard.net","applied_policy":"ChromeUA"},{"domain":"weicewang.com","applied_policy":"ChromeUA"},{"domain":"miricanvas.com","applied_policy":"ChromeUA"},{"domain":"conalep.edu.mx","applied_policy":"ChromeUA"},{"domain":"jobda.im","applied_policy":"ChromeUA"},{"domain":"taphuan.csdl.edu.vn","applied_policy":"ChromeUA"},{"domain":"aprendizaje.mec.edu.py","applied_policy":"ChromeUA"},{"domain":"proctorio.com","applied_policy":"ChromeUA"},{"domain":"tcyonline.com","applied_policy":"ChromeUA"},{"domain":"zxx.edu.cn","applied_policy":"ChromeUA"},{"domain":"i.cqu.edu.cn","applied_policy":"ChromeUA"},{"domain":"gd.gov.cn","applied_policy":"ChromeUA"},{"domain":"test.zhiding.com.cn","applied_policy":"ChromeUA"},{"domain":"doratoon.com","applied_policy":"ChromeUA"},{"domain":"ulearning.cn","applied_policy":"ChromeUA"},{"domain":"videokyc.indusind.com","applied_policy":"ChromeUA"},{"domain":"knps.or.kr","applied_policy":"ChromeUA"},{"domain":"remplanner.ru","applied_policy":"ChromeUA"},{"domain":"shuishan.net.cn","applied_policy":"ChromeUA"},{"domain":"alefed.com","applied_policy":"ChromeUA"},{"domain":"qceit.org.cn","applied_policy":"ChromeUA"},{"domain":"byjusfutureschool.com","applied_policy":"ChromeUA"},{"domain":"agriedu.net","applied_policy":"ChromeUA"},{"domain":"conveyiq.com","applied_policy":"ChromeUA"},{"domain":"unnes.ac.id","applied_policy":"ChromeUA"},{"domain":"midea.com","applied_policy":"ChromeUA"},{"domain":"apollo.varsitytutors.com","applied_policy":"ChromeUA"},{"domain":"webcaptioner.com","applied_policy":"ChromeUA"},{"domain":"edunet.net","applied_policy":"ChromeUA"},{"domain":"livecourse.com","applied_policy":"ChromeUA"},{"domain":"longfor.com","applied_policy":"ChromeUA"},{"domain":"greenxtrade.*","applied_policy":"ChromeUA"},{"domain":"jacquielawson.com","applied_policy":"ChromeUA"},{"domain":"givebacks.com","applied_policy":"ChromeUA"},{"domain":"zaq.ne.jp","applied_policy":"ChromeUA"},{"domain":"gov.pl","applied_policy":"ChromeUA"},{"domain":"febc.net","applied_policy":"ChromeUA"},{"domain":"mayahii.com","applied_policy":"ChromeUA"},{"domain":"pcpm37.rekrutmenbi.id","applied_policy":"ChromeUA"},{"domain":"kidkids.net","applied_policy":"ChromeUA"},{"domain":"teleperformance.com","applied_policy":"ChromeUA"},{"domain":"learn.alg.academy","applied_policy":"ChromeUA"},{"domain":"dentrixascend.com","applied_policy":"ChromeUA"},{"domain":"slotsempirebonuses.com","applied_policy":"ChromeUA"},{"domain":"rtvirtual.ins-cr.com","applied_policy":"ChromeUA"},{"domain":"qb.99onez.com","applied_policy":"ChromeUA"},{"domain":"phx.e-carms.ca","applied_policy":"ChromeUA"},{"domain":"shu.edu.cn","applied_policy":"ChromeUA"},{"domain":"eqxiu.com","applied_policy":"ChromeUA"},{"domain":"luckytiger-promo.com","applied_policy":"ChromeUA"},{"domain":"gfs.tokyo","applied_policy":"ChromeUA"},{"domain":"parivahan.gov.in","applied_policy":"ChromeUA"},{"domain":"edufe.com.cn","applied_policy":"ChromeUA"},{"domain":"kazaplan.com","applied_policy":"ChromeUA"},{"domain":"train.medcerts.com","applied_policy":"ChromeUA"},{"domain":"zhihuiteacher.com","applied_policy":"ChromeUA"},{"domain":"unfi.com","applied_policy":"ChromeUA"},{"domain":"leetcode-cn.com","applied_policy":"ChromeUA"},{"domain":"stu.ityxb.com","applied_policy":"ChromeUA"},{"domain":"whatismybrowser.com","applied_policy":"DoNotOverride"},{"domain":"acca.ai","applied_policy":"ChromeUAAndClientHints"},{"domain":"tkc.co.jp","applied_policy":"ChromeUA"},{"domain":"kozikaza.com","applied_policy":"ChromeUA"},{"domain":"iguokao.com","applied_policy":"ChromeUA"},{"domain":"groove.cm","applied_policy":"ChromeUA"},{"domain":"voissnap.com","applied_policy":"ChromeUA"},{"domain":"peiliyou.com","applied_policy":"ChromeUA"},{"domain":"publishinglife.com","applied_policy":"ChromeUA"},{"domain":"dscout.com","applied_policy":"ChromeUA"},{"domain":"mycreativeshop.com","applied_policy":"ChromeUA"},{"domain":"guihuayun.com","applied_policy":"ChromeUA"},{"domain":"ajmd-med.com","applied_policy":"ChromeUA"},{"domain":"courses.fcaperformanceinstitute.com","applied_policy":"ChromeUA"},{"domain":"videobanking.aubank.in","applied_policy":"ChromeUA"},{"domain":"street-academy.com","applied_policy":"ChromeUA"},{"domain":"luckytigercasino.com","applied_policy":"ChromeUA"},{"domain":"acuvue.com","applied_policy":"ChromeUA"},{"domain":"arch-sticker.com","applied_policy":"ChromeUA"},{"domain":"netsoins.com","applied_policy":"ChromeUA"},{"domain":"99lms.com","applied_policy":"ChromeUA"},{"domain":"tver.jp","applied_policy":"ChromeUA"},{"domain":"icourse163.org","applied_policy":"ChromeUA"},{"domain":"sellermatch.co.kr","applied_policy":"ChromeUA"},{"domain":"ursdoccdn.nosdn.127.net","applied_policy":"ChromeUA"},{"domain":"jianshu.com","applied_policy":"ChromeUA"},{"domain":"dubailand.gov.ae","applied_policy":"ChromeUA"},{"domain":"peixunyun.cn","applied_policy":"ChromeUA"},{"domain":"servicetitan.com","applied_policy":"ChromeUA"},{"domain":"jlau.edu.cn","applied_policy":"ChromeUA"},{"domain":"eid.belgium.be","applied_policy":"ChromeUA"},{"domain":"logikaschool.com","applied_policy":"ChromeUA"},{"domain":"app.comptalia.com","applied_policy":"ChromeUA"},{"domain":"manaba.jwu.ac.jp","applied_policy":"ChromeUA"},{"domain":"bm.cltt.org","applied_policy":"ChromeUA"},{"domain":"app.ascendacademic.com","applied_policy":"ChromeUA"},{"domain":"alema.tv","applied_policy":"ChromeUA"},{"domain":"census.gov","applied_policy":"ChromeUA"},{"domain":"disputeprocess.com","applied_policy":"ChromeUA"},{"domain":"emblemhealth.com","applied_policy":"ChromeUA"},{"domain":"richpalms-promo.com","applied_policy":"ChromeUA"},{"domain":"booking.com","applied_policy":"ChromeUA"},{"domain":"3min-class.offcn.mobi","applied_policy":"ChromeUA"},{"domain":"mail.nate.com","applied_policy":"ChromeUA"},{"domain":"fitnesstest.xtu.edu.cn","applied_policy":"ChromeUA"},{"domain":"miro.com","applied_policy":"ChromeUA"},{"domain":"wowgame.jp","applied_policy":"ChromeUA"},{"domain":"csia.org.cn","applied_policy":"ChromeUA"},{"domain":"gsop.sec.samsung.net","applied_policy":"ChromeUA"},{"domain":"jnjpediatrics.com","applied_policy":"ChromeUA"},{"domain":"play.nuuvem.com","applied_policy":"ChromeUA"},{"domain":"alocom.co","applied_policy":"ChromeUA"},{"domain":"sspt.bjcourt.gov.cn","applied_policy":"ChromeUA"},{"domain":"englishbuddy.kr","applied_policy":"ChromeUA"},{"domain":"luz.tcd.gov.tw","applied_policy":"ChromeUA"},{"domain":"lnwlzb.com","applied_policy":"ChromeUA"},{"domain":"ysu.edu.cn","applied_policy":"ChromeUA"},{"domain":"web-hub.gxjyzy.cn","applied_policy":"ChromeUA"},{"domain":"avon.com.br","applied_policy":"ChromeUA"},{"domain":"manulife-aor.unqork.io","applied_policy":"ChromeUA"},{"domain":"invest.ameritrade.com","applied_policy":"ChromeUA"},{"domain":"nhisdt.el.or.kr","applied_policy":"ChromeUA"},{"domain":"business.xiaohe.cn","applied_policy":"ChromeUA"},{"domain":"hb.zcjb.com.cn","applied_policy":"ChromeUA"},{"domain":"web.autocad.com","applied_policy":"DoNotOverride"},{"domain":"app.wom.co","path_match":["/funcionalidadRecaudo/paymentBill/"],"applied_policy":"ChromeUA"},{"domain":"watch.sling.tv","applied_policy":"ChromeUA"},{"domain":"dishanywhere.com","applied_policy":"ChromeUA"},{"domain":"member.goforward.com","applied_policy":"ChromeUA"},{"domain":"tabii.com","applied_policy":"ChromeUA"},{"domain":"languageacademy.com.au","applied_policy":"ChromeUA"},{"domain":"agriedu.net","applied_policy":"ChromeUA"},{"domain":"help.hulu.com","path_match":["/s/article/allowing-adblock-and-adblock-plus"],"applied_policy":"ChromeUA"}]},"av1_codec_feature_check_override":{"applications":[{"applied_policy":"OptOut","domain":"netflix.com"},{"applied_policy":"OptOut","domain":"netflixstudios.com"}],"policies":[{"name":"OptOut","type":"Av1CodecFeatureCheckOptOut"}],"version":1},"enhance_image_override":{"version":1,"policies":[{"name":"disable","type":"SuperResolutionOptOut"},{"name":"toggle_mitigation","type":"SuperResolutionToggleMitigation"}],"applications":[{"applied_policy":"disable","domain":"bing.*"},{"applied_policy":"disable","domain":"mapquest.*"},{"applied_policy":"disable","domain":"sygic.*"},{"applied_policy":"disable","domain":"msn.com"},{"applied_policy":"disable","domain":"youtube.com"},{"applied_policy":"disable","domain":"live.com"},{"applied_policy":"disable","domain":"microsoft.com"},{"applied_policy":"disable","domain":"mayoclinic.org"},{"applied_policy":"disable","domain":"indeed.com"},{"applied_policy":"disable","domain":"mail.yahoo.com"},{"applied_policy":"disable","domain":"google.com"},{"applied_policy":"disable","domain":"nih.gov"},{"applied_policy":"disable","domain":"merriam-webster.com"},{"applied_policy":"disable","domain":"medlineplus.gov"},{"applied_policy":"disable","domain":"brainly.co.id"},{"applied_policy":"disable","domain":"accuweather.com"},{"applied_policy":"disable","domain":"medicalnewstoday.com"},{"applied_policy":"disable","domain":"cdc.gov"},{"applied_policy":"disable","domain":"cambridge.org"},{"applied_policy":"disable","domain":"ilovepdf.com"},{"applied_policy":"disable","domain":"byjus.com"},{"applied_policy":"disable","domain":"adobe.com"},{"applied_policy":"disable","domain":"epfindia.gov.in"},{"applied_policy":"disable","domain":"clevelandclinic.org"},{"applied_policy":"disable","domain":"canva.com"},{"applied_policy":"disable","domain":"dailymotion.com"},{"applied_policy":"disable","domain":"omegle.com"},{"applied_policy":"disable","domain":"dictionary.com"},{"applied_policy":"disable","domain":"hotstar.com"},{"applied_policy":"disable","domain":"collinsdictionary.com"},{"applied_policy":"disable","domain":"hotstar.com"},{"applied_policy":"toggle_mitigation","domain":"twitter.com"}]},"enhance_image_min_layout_size_override":{"version":1,"policies":[{"name":"min_layout_size","value":"90"}],"applications":[{"applied_policy":"min_layout_size","domain":"*.wikipedia.org"},{"applied_policy":"min_layout_size","domain":"twitter.com"},{"applied_policy":"min_layout_size","domain":"instagram.com"},{"applied_policy":"min_layout_size","domain":"amazon.*"},{"applied_policy":"min_layout_size","domain":"pinterest.com"},{"applied_policy":"min_layout_size","domain":"imdb.com"},{"applied_policy":"min_layout_size","domain":"facebook.com"},{"applied_policy":"min_layout_size","domain":"fandom.com"},{"applied_policy":"min_layout_size","domain":"apple.com"},{"applied_policy":"min_layout_size","domain":"cricbuzz.com"},{"applied_policy":"min_layout_size","domain":"linkedin.com"},{"applied_policy":"min_layout_size","domain":"globo.com"},{"applied_policy":"min_layout_size","domain":"nytimes.com"},{"applied_policy":"min_layout_size","domain":"etsy.com"},{"applied_policy":"min_layout_size","domain":"indiatimes.com"},{"applied_policy":"min_layout_size","domain":"bbc.co.uk"},{"applied_policy":"min_layout_size","domain":"ikea.com"},{"applied_policy":"min_layout_size","domain":"flipkart.com"},{"applied_policy":"min_layout_size","domain":"bbc.com"},{"applied_policy":"min_layout_size","domain":"espn.com"},{"applied_policy":"min_layout_size","domain":"ebay.*"},{"applied_policy":"min_layout_size","domain":"hurriyet.com.tr"},{"applied_policy":"min_layout_size","domain":"allegro.pl"},{"applied_policy":"min_layout_size","domain":"booking.com"},{"applied_policy":"min_layout_size","domain":"mercadolivre.com.br"},{"applied_policy":"min_layout_size","domain":"britannica.com"},{"applied_policy":"min_layout_size","domain":"kompass.com"},{"applied_policy":"min_layout_size","domain":"cnn.com"},{"applied_policy":"min_layout_size","domain":"homedepot.com"},{"applied_policy":"min_layout_size","domain":"detik.com"},{"applied_policy":"min_layout_size","domain":"nike.com"},{"applied_policy":"min_layout_size","domain":"milliyet.com.tr"},{"applied_policy":"min_layout_size","domain":"magazineluiza.com.br"},{"applied_policy":"min_layout_size","domain":"marca.com"},{"applied_policy":"min_layout_size","domain":"hepsiburada.com"},{"applied_policy":"min_layout_size","domain":"cookpad.com"},{"applied_policy":"min_layout_size","domain":"dailymail.co.uk"},{"applied_policy":"min_layout_size","domain":"as.com"},{"applied_policy":"min_layout_size","domain":"gsmarena.com"},{"applied_policy":"min_layout_size","domain":"investing.com"},{"applied_policy":"min_layout_size","domain":"aliexpress.com"},{"applied_policy":"min_layout_size","domain":"espncricinfo.com"},{"applied_policy":"min_layout_size","domain":"india.com"},{"applied_policy":"min_layout_size","domain":"ndtv.com"},{"applied_policy":"min_layout_size","domain":"craigslist.org"},{"applied_policy":"min_layout_size","domain":"finance.yahoo.com"},{"applied_policy":"min_layout_size","domain":"indiamart.com"},{"applied_policy":"min_layout_size","domain":"kinopoisk.ru"},{"applied_policy":"min_layout_size","domain":"onet.pl"},{"applied_policy":"min_layout_size","domain":"goal.com"},{"applied_policy":"min_layout_size","domain":"americanas.com.br"},{"applied_policy":"min_layout_size","domain":"investopedia.com"},{"applied_policy":"min_layout_size","domain":"mail.ru"},{"applied_policy":"min_layout_size","domain":"naver.com"},{"applied_policy":"min_layout_size","domain":"hm.com"},{"applied_policy":"min_layout_size","domain":"bestbuy.com"}]}},"EdgeFirstRun":{"UACompatibilityFixDisabledForVMs":{"enableFeatures":["msUACompatibilityFixDisabledForVMs"]},"FRE_ExperimentationUsageGroupCollection":{"enableFeatures":["msCollectExperimentationGuardrailMetrics"],"parameters":[{"name":"version","value":"1"}]}},"EdgeFirstRunConfig":{"OverrideWhitelistedExperimentsForDefaultTrigger":{"parameters":[{"name":"whitelisted_experiments","value":"WhatsNewPageTrial"}]},"EmptyEdgeFirstRunConfig":{"enableFeatures":["eefrc"]}},"Segmentation":{"scpfull":0,"scpguard":1,"scpver":1,"M365CoreAll":"false","ContentServicesAll":"false","WebXTAll":"false","BingAll":"false","EdgeAll":"false","MicrosoftUser":"false"},"Headers":{"ETag":"\"hRROcwX832XqKcN7qTHD1+2KJZme6ePoHx72jja4wPQ=\"","Expires":"Sun, 22 Oct 2023 20:51:35 GMT","CountryCode":"RU","StatusCode":"200"},"ConfigIDs":{"ECS":"P-R-1082570-1-11,P-D-42388-2-6","Edge":"P-X-1116542-2-13,P-X-1117557-2-9,P-X-1139324-1-5,P-X-1131054-1-5,P-X-1129588-2-4,P-X-1091846-2-53,P-X-1112695-2-3,P-X-1110552-2-3,P-X-1108288-1-7,P-X-1091407-1-5,P-X-1092088-1-7,P-X-1100779-2-7,P-X-1103833-2-7,P-X-1092122-2-9,P-X-1096650-2-6,P-X-1105131-2-6,P-X-1099080-1-9,P-X-1089758-2-11,P-X-1102990-2-3,P-X-1102008-2-7,P-X-1096883-2-11,P-X-1099659-1-3,P-X-1095668-2-7,P-X-1097226-1-5,P-X-1063514-2-6,P-X-1094047-1-6,P-X-1092738-2-3,P-X-1086546-21-84,P-X-1089119-2-6,P-X-1047521-4-21,P-X-1068700-1-5,P-X-1079473-2-6,P-X-1077532-1-5,P-X-1077147-1-9,P-X-1073053-1-5,P-X-1067018-2-4,P-X-1071593-2-4,P-X-1067718-1-3,P-X-1066229-1-7,P-X-1061902-3-17,P-X-1053062-1-5,P-X-1058142-1-7,P-X-1059966-1-9,P-X-1052772-23-44,P-X-1043219-25-50,P-X-1054089-1-3,P-X-1048071-1-5,P-X-1047513-1-5,P-X-1026324-3-20,P-X-1010579-1-9,P-X-1037863-1-5,P-X-1037615-1-7,P-X-1006190-9-15,P-X-1027402-7-15,P-X-117040-1-5,P-X-113035-2-9,P-X-95627-3-13,P-X-91270-7-51,P-R-1068861-4-10,P-R-1008497-12-13,P-R-67067-6-49,cipersonalizedtreatment:453866,g132c755:454709,5f4bj845:460513,661h0519:459095,93dhj198:453901,wponsat2_50:441060,eigga143:453622,ebd3g171:445685,tp-long:454277,1e4f6385:413484,136bj317:454114,b01ji385:438024,add_tc_enabled:454639,i1g2g604:439987,9ffeg962:402950,e37a0582:453839,web-select-unship:450754,8j079527:448888,i2e7g608:426904,6h1eh131:441213,8467e258:456684,walletpswlinkupdate:438027,ijd96734:409017,1c484819:413464,3cej0868:387698,bi4f4994:450437,be37a759:398470,nonfloatingwithouttoggle:430356,e8455899:433781,savingsyesui:360236,0cf7b131:456925,j3jdi477:407164,0ce12802:395897,ed0317:378542,4jb8c301:456528,v1_newnotificationsettingsu:371745,2chfa640:363442,i4d2e897:416852,0cdi8526:390115,edpas404:347262,followablewebwpo:339323,1ebea465:393469,72dhd990:347220,b5691989:400308,v11_aocgroups2and3:393489,d8ej1711:320854,hjd07315:316020,6fh95461:311642,gserpas:292002,edenh823:312569,edge3perrorlog:288266,923e2685:283700,2fche262:263264,externalmidrange3:261527,edweb468:191638,ed672:193569,edbin373:142183,ededg840:189491","EdgeConfig":"P-R-1148941-1-4,P-R-1148262-1-4,P-R-1147287-1-6,P-R-1141099-1-3,P-R-1136586-1-9,P-R-1136203-1-4,P-R-1133477-1-4,P-R-1132367-1-7,P-R-1130507-1-5,P-R-1129686-4-12,P-R-1113531-4-9,P-R-1108562-1-7,P-R-1103742-4-6,P-R-1099640-1-4,P-R-1098501-1-7,P-R-1090419-2-5,P-R-1082109-1-6,P-R-1077170-1-3,P-R-1060324-1-5,P-R-1054140-1-4,P-R-1049918-1-3,P-R-1036635-1-5,P-R-110491-23-72,P-R-77350-1-8,P-R-68474-9-12,P-R-61153-11-15,P-R-60617-7-20,P-R-45373-8-85,P-R-46265-42-102","EdgeDomainActions":"P-R-1093245-1-14,P-R-1037936-1-9,P-R-1024693-1-9,P-R-108604-1-34,P-R-78306-1-18,P-R-73626-1-17,P-R-71025-5-13,P-R-63165-4-26,P-R-53243-2-7,P-R-40093-3-26,P-R-38744-7-97,P-R-31899-21-465,P-D-1138318-1-3,P-D-98331-6-31","EdgeFirstRun":"P-R-1103650-18-8,P-R-58579-7-27","EdgeFirstRunConfig":"P-R-1109902-1-11,P-R-1075865-1-7","Segmentation":"P-R-1113915-5-8,P-R-1098334-1-6,P-R-66078-1-3,P-R-66077-1-5,P-R-60882-1-2,P-R-43082-1-3,P-R-42744-1-2"}}