{"ECS":{"ExcludeExternalConfigIdsInLog":true,"ConfigLogTarget":"edge_stable"},"EdgeRuntimeConfig":{"EmptyEdgeRuntimeConfig":{"enableFeatures":["eerc"]}},"Segmentation":{"scpfull":0,"scpguard":1,"scpver":1,"M365CoreAll":"false","ContentServicesAll":"false","WebXTAll":"false","BingAll":"false","EdgeAll":"false","MicrosoftUser":"false"},"Headers":{"ETag":"\"yKFWLaCxbu6bw+z1FJQUaVWV133u6PDIAWRgNPg78rg=\"","Expires":"Sun, 22 Oct 2023 20:51:36 GMT","CountryCode":"RU","StatusCode":"200"},"ConfigIDs":{"ECS":"P-R-1082570-1-11,P-D-42388-2-6","EdgeRuntimeConfig":"P-R-1038760-1-9","Segmentation":"P-R-1113915-5-8,P-R-1098334-1-6,P-R-66078-1-3,P-R-66077-1-5,P-R-60882-1-2,P-R-43082-1-3,P-R-42744-1-2"}}