<?xml version="1.0" encoding="UTF-8"?><gupdate xmlns="http://www.google.com/update2/response" protocol="2.0" server="prod"><daystart elapsed_days="6138" elapsed_seconds="46366"/><app appid="cffjjlhdhdcmaailglcedackabgpjbfa" cohort="1::" cohortname="" status="ok"><ping status="ok"/><updatecheck _esbAllowlist="false" status="noupdate"/></app><app appid="dldcbakcjliccckkmfjcblhciilpdcil" cohort="1::" cohortname="" status="ok"><ping status="ok"/><disabled status="ok"/><updatecheck _esbAllowlist="false" status="noupdate"/></app><app appid="ehkhpgapnaalmmbfkiodemgfljmiepih" cohort="1::" cohortname="" status="ok"><ping status="ok"/><disabled status="ok"/><updatecheck _esbAllowlist="false" status="noupdate"/></app><app appid="eifflpnfppfheimpmmagplbanbceajjn" cohort="1::" cohortname="" status="ok"><ping status="ok"/><updatecheck _esbAllowlist="false" status="noupdate"/></app><app appid="gbofnbeakdognkanffmpldbjgkblljkh" cohort="1::" cohortname="" status="ok"><ping status="ok"/><updatecheck _esbAllowlist="false" status="noupdate"/></app><app appid="gfmbgpjobmhdlclmnpbcckcikbhmheme" cohort="1::" cohortname="" status="ok"><ping status="ok"/><updatecheck _esbAllowlist="false" status="noupdate"/></app><app appid="hjfdndbcpceonfinifcggojahlhmindo" cohort="1::" cohortname="" status="ok"><ping status="ok"/><disabled status="ok"/><updatecheck _esbAllowlist="false" status="noupdate"/></app><app appid="honbkcpgfoghpdpjndjkfdjbpihbfchb" cohort="1::" cohortname="" status="ok"><ping status="ok"/><updatecheck _esbAllowlist="false" status="noupdate"/></app><app appid="jangaedeekciafhlanphhnalogmhefmo" cohort="1::" cohortname="" status="ok"><ping status="ok"/><updatecheck _esbAllowlist="false" status="noupdate"/></app><app appid="jcjbcgfmgdinmcljnafppclcmckchoca" cohort="1::" cohortname="" status="ok"><ping status="ok"/><updatecheck _esbAllowlist="false" status="noupdate"/></app><app appid="kgonfdfnfmpilaopkkobcppchpgidojo" cohort="1::" cohortname="" status="ok"><ping status="ok"/><updatecheck _esbAllowlist="false" status="noupdate"/></app><app appid="mgndgikekgjfcpckkfioiadnlibdjbkf" status="error-unknownApplication"/><app appid="mpalelnihbfcohbpniljacigfgjmpodb" cohort="1::" cohortname="" status="ok"><ping status="ok"/><updatecheck _esbAllowlist="false" status="noupdate"/></app><app appid="ocifcklkibdehekfnmflempfgjhbedch" cohort="1::" cohortname="" status="ok"><ping status="ok"/><updatecheck _esbAllowlist="false" _malware="true" status="noupdate"/></app><app appid="oihiaelacocfiabgpkdggodoofcmhcad" cohort="1::" cohortname="" status="ok"><ping status="ok"/><disabled status="ok"/><updatecheck _esbAllowlist="false" _malware="true" status="noupdate"/></app></gupdate>