<?xml version="1.0" encoding="utf-8"?><weather><location id="5089" name="Volgograd" name_r="in Volgograd" country_id="156" 
              country_name="Russia" district_id="278" district_name="Volgograd Oblast" kind="T" lat="48.75" lng="44.48"  tzone="180" cur_time="2023-10-22T00:02:00" nowcast_url="/nowcast-volgograd-5089/" nowcast_teaser="false"><fact valid="2023-10-22T21:00:00" tod="3" risem="392" setm="1020" durm="628" sunrise="1697956320" sunset="1697994000"><values t="7" tflt="6.6" tcflt="3.8"  p="755" ws="4" wd="4" hum="65" hi="4" cl="2" pt="0" pr="0" prflt="0" ts="0" water_t="10" icon="n.c3" descr="Cloudy" grade="2" ph="0"  /></fact><day date="2023-10-21" risem="390" setm="1022" durm="632" sunrise="1697869800" sunset="1697907720"></day><day date="2023-10-22" risem="392" setm="1020" durm="628" sunrise="1697956320" sunset="1697994000" tmin="2" tmax="10" pmin="750"
                 pmax="755" wsmin="1" wsmax="4" hummin="49" hummax="90" cl="101" pt="0" pr="0" ts="0" icon="d.c3" descr="Partly cloudy" p="755"
                 ws="4" wd="2" hum="71" grademax="0" prflt="0"  gust_speed="12"><forecast valid="2023-10-22T00:00:00" tod="-1"><values t="6" p="750" ws="4" wd="2" hum="82" hi="3" cl="3" pt="0" pr="0" prflt="0" ts="0"
                                icon="c4" descr="Mainly cloudy" 
                                grade="2"  gust_speed="12" /></forecast><forecast valid="2023-10-22T03:00:00" tod="0"><values t="6" p="752" ws="2" wd="2" hum="82" hi="4" cl="3" pt="0" pr="0" prflt="0" ts="0"
                                icon="c4" descr="Mainly cloudy" 
                                grade="2"  gust_speed="12" /></forecast><forecast valid="2023-10-22T06:00:00" tod="-1"><values t="2" p="754" ws="3" wd="1" hum="90" hi="-1" cl="1" pt="0" pr="0" prflt="0" ts="0"
                                icon="n.c2" descr="Partly cloudy" 
                                grade="1"  /></forecast><forecast valid="2023-10-22T09:00:00" tod="1"><values t="5" p="755" ws="3" wd="3" hum="74" hi="2" cl="1" pt="0" pr="0" prflt="0" ts="0"
                                icon="d.c2" descr="Partly cloudy" 
                                grade="2"  /></forecast><forecast valid="2023-10-22T12:00:00" tod="-1"><values t="9" p="755" ws="1" wd="4" hum="55" hi="9" cl="1" pt="0" pr="0" prflt="0" ts="0"
                                icon="d.c2" descr="Partly cloudy" 
                                grade="2"  /></forecast><forecast valid="2023-10-22T15:00:00" tod="2"><values t="10" p="755" ws="3" wd="4" hum="49" hi="9" cl="0" pt="0" pr="0" prflt="0" ts="0"
                                icon="d" descr="Fair" 
                                grade="2"  /></forecast><forecast valid="2023-10-22T18:00:00" tod="-1"><values t="6" p="755" ws="3" wd="4" hum="67" hi="4" cl="2" pt="0" pr="0" prflt="0" ts="0"
                                icon="n.c3" descr="Cloudy" 
                                grade="2"  /></forecast><forecast valid="2023-10-22T21:00:00" tod="3"><values t="7" p="755" ws="4" wd="4" hum="65" hi="4" cl="2" pt="0" pr="0" prflt="0" ts="0"
                                icon="n.c3" descr="Cloudy" 
                                grade="2"  /></forecast></day><day date="2023-10-23" risem="393" setm="1018" durm="625" sunrise="1698042780" sunset="1698080280" tmin="4" tmax="15" pmin="745"
                 pmax="755" wsmin="3" wsmax="6" hummin="57" hummax="77" cl="2" pt="1" pr="1" ts="0" icon="d.c3.r1" descr="Cloudy, light rain" p="748"
                 ws="6" wd="5" hum="66" grademax="3" prflt="0.4"  gust_speed="11.5"><forecast valid="2023-10-23T00:00:00" tod="-1"><values t="5" p="755" ws="3" wd="4" hum="62" hi="2" cl="2" pt="0" pr="0" prflt="0" ts="0"
                                icon="n.c3" descr="Cloudy" 
                                grade="2"  gust_speed="5.8" /></forecast><forecast valid="2023-10-23T03:00:00" tod="0"><values t="4" p="754" ws="3" wd="4" hum="66" hi="1" cl="2" pt="0" pr="0" prflt="0" ts="0"
                                icon="n.c3" descr="Cloudy" 
                                grade="3"  gust_speed="5.5" /></forecast><forecast valid="2023-10-23T06:00:00" tod="-1"><values t="5" p="752" ws="4" wd="4" hum="70" hi="1" cl="3" pt="0" pr="0" prflt="0" ts="0"
                                icon="c4" descr="Mainly cloudy" 
                                grade="2"  gust_speed="7" /></forecast><forecast valid="2023-10-23T09:00:00" tod="1"><values t="8" p="752" ws="5" wd="5" hum="65" hi="5" cl="3" pt="0" pr="0" prflt="0" ts="0"
                                icon="c4" descr="Mainly cloudy" 
                                grade="2"  gust_speed="9" /></forecast><forecast valid="2023-10-23T12:00:00" tod="-1"><values t="13" p="750" ws="6" wd="5" hum="58" hi="13" cl="2" pt="0" pr="0" prflt="0" ts="0"
                                icon="d.c3" descr="Cloudy" 
                                grade="2"  gust_speed="11.1" /></forecast><forecast valid="2023-10-23T15:00:00" tod="2"><values t="15" p="748" ws="6" wd="5" hum="57" hi="15" cl="2" pt="0" pr="0" prflt="0" ts="0"
                                icon="d.c3" descr="Cloudy" 
                                grade="2"  gust_speed="11.5" /></forecast><forecast valid="2023-10-23T18:00:00" tod="-1"><values t="13" p="746" ws="3" wd="5" hum="71" hi="13" cl="3" pt="0" pr="0" prflt="0" ts="0"
                                icon="c4" descr="Mainly cloudy" 
                                grade="2"  gust_speed="10.7" /></forecast><forecast valid="2023-10-23T21:00:00" tod="3"><values t="13" p="745" ws="3" wd="5" hum="77" hi="13" cl="2" pt="1" pr="1" prflt="0.4" ts="0"
                                icon="n.c3.r1" descr="Cloudy, light rain" 
                                grade="2"  gust_speed="8.1" /></forecast></day><day date="2023-10-24" risem="395" setm="1016" durm="621" sunrise="1698129300" sunset="1698166560" tmin="10" tmax="14" pmin="742"
                 pmax="744" wsmin="3" wsmax="7" hummin="67" hummax="89" cl="3" pt="0" pr="0" ts="0" icon="c4" descr="Mainly cloudy" p="0"
                 ws="7" wd="7" hum="78" grademax="2" prflt="0"  gust_speed="14.6"></day><day date="2023-10-25" risem="396" setm="1014" durm="618" sunrise="1698215760" sunset="1698252840" tmin="4" tmax="9" pmin="745"
                 pmax="751" wsmin="1" wsmax="5" hummin="65" hummax="82" cl="3" pt="0" pr="0" ts="0" icon="c4" descr="Mainly cloudy" p="0"
                 ws="5" wd="8" hum="75" grademax="2" prflt="0"  gust_speed="10.2"></day><day date="2023-10-26" risem="398" setm="1012" durm="614" sunrise="1698302280" sunset="1698339120" tmin="0" tmax="5" pmin="749"
                 pmax="752" wsmin="1" wsmax="6" hummin="55" hummax="85" cl="3" pt="2" pr="1" ts="0" icon="c4.rs1" descr="Mainly cloudy, light mixture of rain and snow" p="0"
                 ws="6" wd="4" hum="74" grademax="2" prflt="2.2"  gust_speed="12.1"></day><day date="2023-10-27" risem="400" setm="1011" durm="611" sunrise="1698388800" sunset="1698425460" tmin="1" tmax="12" pmin="738"
                 pmax="748" wsmin="3" wsmax="6" hummin="83" hummax="94" cl="3" pt="2" pr="3" ts="0" icon="c4.rs3" descr="Mainly cloudy, very heavy mixture of rain and snow" p="0"
                 ws="6" wd="3" hum="89" grademax="2" prflt="21.3"  gust_speed="12.3"></day><day date="2023-10-28" risem="401" setm="1009" durm="608" sunrise="1698475260" sunset="1698511740" tmin="7" tmax="9" pmin="740"
                 pmax="742" wsmin="2" wsmax="4" hummin="71" hummax="89" cl="101" pt="0" pr="0" ts="0" icon="d.c3" descr="Partly cloudy" p="0"
                 ws="4" wd="7" hum="82" grademax="3" prflt="0"  gust_speed="8.4"></day></location></weather>
