<?xml version="1.0" encoding="utf-8"?><weather><location id="5089" name="Volgograd" name_r="in Volgograd" country_id="156" 
              country_name="Russia" district_id="278" district_name="Volgograd Oblast" kind="T" lat="48.75" lng="44.48"  tzone="180" cur_time="2023-10-28T06:11:00" nowcast_url="/nowcast-volgograd-5089/" nowcast_teaser="false"><fact valid="2023-10-29T15:00:00" tod="2" risem="403" setm="1007" durm="604" sunrise="1698561780" sunset="1698598020"><values t="12" tflt="12.3" tcflt="10.9"  p="745" ws="11" wd="7" hum="66" hi="11" cl="2" pt="0" pr="0" prflt="0" ts="0" water_t="9" icon="d.c3" descr="Cloudy" grade="0" ph="0"  gust_speed="17" /></fact><day date="2023-10-28" risem="401" setm="1009" durm="608" sunrise="1698475260" sunset="1698511740"></day><day date="2023-10-29" risem="403" setm="1007" durm="604" sunrise="1698561780" sunset="1698598020" tmin="8" tmax="13" pmin="738"
                 pmax="749" wsmin="1" wsmax="12" hummin="65" hummax="81" cl="1" pt="0" pr="0" ts="0" icon="d.c2" descr="Partly cloudy" p="745"
                 ws="12" wd="7" hum="75" grademax="0" prflt="0"  gust_speed="17"><forecast valid="2023-10-29T00:00:00" tod="-1"><values t="13" p="738" ws="11" wd="7" hum="78" hi="13" cl="1" pt="0" pr="0" prflt="0" ts="0"
                                icon="n.c2" descr="Partly cloudy" 
                                grade="0"  gust_speed="17" /></forecast><forecast valid="2023-10-29T03:00:00" tod="0"><values t="10" p="738" ws="10" wd="6" hum="79" hi="7" cl="0" pt="0" pr="0" prflt="0" ts="0"
                                icon="n" descr="Fair" 
                                grade="0"  gust_speed="17" /></forecast><forecast valid="2023-10-29T06:00:00" tod="-1"><values t="10" p="740" ws="12" wd="7" hum="81" hi="5" cl="1" pt="0" pr="0" prflt="0" ts="0"
                                icon="n.c2" descr="Partly cloudy" 
                                grade="0"  gust_speed="15" /></forecast><forecast valid="2023-10-29T09:00:00" tod="1"><values t="11" p="742" ws="11" wd="7" hum="76" hi="8" cl="0" pt="0" pr="0" prflt="0" ts="0"
                                icon="d" descr="Fair" 
                                grade="0"  gust_speed="15" /></forecast><forecast valid="2023-10-29T12:00:00" tod="-1"><values t="13" p="743" ws="12" wd="7" hum="65" hi="12" cl="2" pt="0" pr="0" prflt="0" ts="0"
                                icon="d.c3" descr="Cloudy" 
                                grade="0"  gust_speed="17" /></forecast><forecast valid="2023-10-29T15:00:00" tod="2"><values t="12" p="745" ws="11" wd="7" hum="66" hi="11" cl="2" pt="0" pr="0" prflt="0" ts="0"
                                icon="d.c3" descr="Cloudy" 
                                grade="0"  gust_speed="17" /></forecast><forecast valid="2023-10-29T18:00:00" tod="-1"><values t="9" p="747" ws="3" wd="7" hum="72" hi="8" cl="1" pt="0" pr="0" prflt="0" ts="0"
                                icon="n.c2" descr="Partly cloudy" 
                                grade="0"  gust_speed="15.8" /></forecast><forecast valid="2023-10-29T21:00:00" tod="3"><values t="8" p="749" ws="1" wd="7" hum="80" hi="8" cl="1" pt="0" pr="0" prflt="0" ts="0"
                                icon="n.c2" descr="Partly cloudy" 
                                grade="0"  gust_speed="9.8" /></forecast></day><day date="2023-10-30" risem="404" setm="1005" durm="601" sunrise="1698648240" sunset="1698684300" tmin="5" tmax="10" pmin="750"
                 pmax="756" wsmin="0" wsmax="4" hummin="62" hummax="87" cl="1" pt="0" pr="0" ts="0" icon="d.c2" descr="Partly cloudy" p="755"
                 ws="4" wd="7" hum="77" grademax="0" prflt="0"  gust_speed="8.1"><forecast valid="2023-10-30T00:00:00" tod="-1"><values t="7" p="750" ws="1" wd="7" hum="82" hi="7" cl="2" pt="0" pr="0" prflt="0" ts="0"
                                icon="n.c3" descr="Cloudy" 
                                grade="0"  gust_speed="5.4" /></forecast><forecast valid="2023-10-30T03:00:00" tod="0"><values t="6" p="751" ws="2" wd="7" hum="84" hi="5" cl="2" pt="0" pr="0" prflt="0" ts="0"
                                icon="n.c3" descr="Cloudy" 
                                grade="0"  gust_speed="6.3" /></forecast><forecast valid="2023-10-30T06:00:00" tod="-1"><values t="5" p="753" ws="3" wd="8" hum="87" hi="2" cl="1" pt="0" pr="0" prflt="0" ts="0"
                                icon="n.c2" descr="Partly cloudy" 
                                grade="0"  gust_speed="6.6" /></forecast><forecast valid="2023-10-30T09:00:00" tod="1"><values t="7" p="755" ws="4" wd="7" hum="79" hi="4" cl="0" pt="0" pr="0" prflt="0" ts="0"
                                icon="d" descr="Fair" 
                                grade="0"  gust_speed="7.2" /></forecast><forecast valid="2023-10-30T12:00:00" tod="-1"><values t="9" p="755" ws="4" wd="7" hum="66" hi="6" cl="1" pt="0" pr="0" prflt="0" ts="0"
                                icon="d.c2" descr="Partly cloudy" 
                                grade="0"  gust_speed="8.1" /></forecast><forecast valid="2023-10-30T15:00:00" tod="2"><values t="10" p="755" ws="3" wd="7" hum="62" hi="8" cl="2" pt="0" pr="0" prflt="0" ts="0"
                                icon="d.c3" descr="Cloudy" 
                                grade="0"  gust_speed="8.1" /></forecast><forecast valid="2023-10-30T18:00:00" tod="-1"><values t="8" p="756" ws="0" wd="0" hum="73" hi="8" cl="1" pt="0" pr="0" prflt="0" ts="0"
                                icon="n.c2" descr="Partly cloudy" 
                                grade="0"  gust_speed="6.7" /></forecast><forecast valid="2023-10-30T21:00:00" tod="3"><values t="6" p="756" ws="1" wd="5" hum="86" hi="6" cl="0" pt="0" pr="0" prflt="0" ts="0"
                                icon="n" descr="Fair" 
                                grade="0"  gust_speed="3.1" /></forecast></day><day date="2023-10-31" risem="406" setm="1004" durm="598" sunrise="1698734760" sunset="1698770640" tmin="6" tmax="16" pmin="755"
                 pmax="756" wsmin="1" wsmax="4" hummin="58" hummax="88" cl="0" pt="0" pr="0" ts="0" icon="d" descr="Fair" p="0"
                 ws="4" wd="6" hum="78" grademax="0" prflt="0"  gust_speed="6.6"></day><day date="2023-11-01" risem="407" setm="1002" durm="595" sunrise="1698821220" sunset="1698856920" tmin="6" tmax="13" pmin="749"
                 pmax="755" wsmin="2" wsmax="5" hummin="72" hummax="94" cl="2" pt="0" pr="0" ts="0" icon="d.c3" descr="Cloudy" p="0"
                 ws="5" wd="4" hum="84" grademax="0" prflt="0"  gust_speed="8.4"></day><day date="2023-11-02" risem="409" setm="1001" durm="592" sunrise="1698907740" sunset="1698943260" tmin="9" tmax="16" pmin="746"
                 pmax="749" wsmin="2" wsmax="5" hummin="72" hummax="92" cl="3" pt="1" pr="1" ts="0" icon="c4.r1" descr="Mainly cloudy, light rain" p="0"
                 ws="5" wd="5" hum="83" grademax="0" prflt="0.2"  gust_speed="9.9"></day><day date="2023-11-03" risem="411" setm="999" durm="588" sunrise="1698994260" sunset="1699029540" tmin="7" tmax="11" pmin="746"
                 pmax="748" wsmin="2" wsmax="3" hummin="69" hummax="86" cl="101" pt="0" pr="0" ts="0" icon="d.c3" descr="Partly cloudy" p="0"
                 ws="3" wd="6" hum="80" grademax="0" prflt="0"  gust_speed="6.3"></day><day date="2023-11-04" risem="412" setm="997" durm="585" sunrise="1699080720" sunset="1699115820" tmin="7" tmax="11" pmin="747"
                 pmax="751" wsmin="2" wsmax="3" hummin="77" hummax="96" cl="3" pt="0" pr="0" ts="0" icon="c4" descr="Mainly cloudy" p="0"
                 ws="3" wd="3" hum="86" grademax="0" prflt="0"  gust_speed="7.7"></day></location></weather>
