<?xml version="1.0" encoding="UTF-8"?><resp ver="2"><tlm><resps><resp key="1"><namespace svc="watson" ptr="generic" gp="generic" app="msedge.exe"><arg nm="p1" val="msedge.exe" /><arg nm="p2" val="118.0.2088.69" /><arg nm="p3" val="msedge_elf.dll" /><arg nm="p4" val="118.0.2088.69" /><arg nm="p5" val="3128439" /><arg nm="p6" val="utility" /><arg nm="p7" val="0x517a7ed" /><arg nm="p8" val="0" /></namespace><cmd nm="receipt"><arg nm="tm" val="133428663210550819" /><arg nm="buckettbl" val="5" /><arg nm="bucket" val="6421e6a383af8254022c973b05fe8c0d" /><arg nm="ibucket" val="1309587871417404429" /></cmd></resp></resps></tlm></resp>